post_id,ticker,dividendo,yeld,media_yield_3m,soma_yield_3m,media_yield_6m,soma_yield_6m,media_yield_12m,soma_yield_12m,variacao_cotacao_mes,rentabilidade,rentabilidade_mes,cotacao_fechamento,soma_yield_ano_corrente,ano,vpa_yield,vpa,vpa_change,pl,vpa_rent,vpa_rent_m,yield_vpa_3m_sum,yield_vpa_3m,yield_vpa_6m_sum,yield_vpa_6m,yield_vpa_12m_sum,yield_vpa_12m,setor,setor_slug,valor,liquidezmediadiaria,patrimonio,pvp,p_vpa,post_title,ativos,volatility,numero_cotista,tx_gestao,tx_admin,tx_performance,scraping_date,ingestion_timestamp
2555,AAGR11,1.4617,1.5900,0.0000,0.0000,0.5533,3.3200,1.0108,12.1300,4.1482,26.7264,5.8042,91.8900,13.5400,2025,0.0000,0.0000,0.0000,0.0000,0.0000,0.0000,0.0000,0.0000,0.0000,0.0000,0.0000,0.0000,Indefinido,indefinido,98,30248.87,0,0,,AAGR11,,5923.1803997052,0,,,,2026-02-13,2026-02-13 20:07:10.248417
495,AAZQ11,0.1050,1.2200,1.4033,4.2100,1.4400,8.6400,1.4875,17.8500,-1.3730,8.6845,-0.1697,8.6200,2.7400,2026,1.3889,8.6400,0.0000,207757234.3800,0.0000,0.0000,3.8110,1.2703,7.6330,1.2722,14.6443,1.2204,Indefinido,indefinido,8.37,762503.26,207757234.38,0.9618,0.9687499999999999,AAZQ11,,1395.5653665385,30064,,1.20,10,2026-02-13,2026-02-13 20:07:10.248417
238,ABCP11,0.6500,0.7800,0.8167,2.4500,0.7650,4.5900,0.8133,9.7600,4.0189,12.4961,4.8303,83.6000,1.5900,2026,0.5866,110.8000,20.6709,521747901.1900,30.0164,21.3788,1.6437,0.5479,3.6538,0.6090,6.8194,0.5683,Shoppings,shoppings,81.7,64942.83,521747901.19,0.7207,0.7373646209386282,ABCP11,1,2694.819188391,14076,,0.1,,2026-02-13,2026-02-13 20:07:10.248417
177,AFHI11,1.0100,1.0500,1.0567,3.1700,1.0883,6.5300,1.1333,13.6000,0.9048,1.9643,1.9643,95.9100,1.0500,2026,1.0681,94.5600,-0.4317,452869788.7100,6.9414,0.6318,3.2082,1.0694,6.5158,1.0860,12.7912,1.0659,Papéis,papeis,97.06,798858.22,452869788.71,1.0215,1.0264382402707275,AFHI11,14,732.79336620237,37615,,1,,2026-02-13,2026-02-13 20:07:10.248417
553,AGRX11,0.1300,1.4400,1.4333,4.3000,1.4750,8.8500,1.5350,18.4200,2.5057,14.5381,3.9818,9.0000,2.8100,2026,1.1310,10.6100,0.0000,189942476.1400,0.0000,0.0000,3.3984,1.1328,6.8390,1.1398,10.0607,1.2576,Indefinido,indefinido,8.85,269312.22,189942476.14,0.8294,0.8341187558906692,AGRX11,0,1812.6259330162,18900,,1,10,2026-02-13,2026-02-13 20:07:10.248417
56,AIEC11,0.3400,0.6300,0.6400,1.9200,0.6567,3.9400,0.6967,8.3600,1.9249,3.8506,2.5670,54.0100,1.2700,2026,0.4440,76.5700,-18.1157,369465454.7200,-16.8016,-17.7521,1.2909,0.4303,2.5530,0.4255,5.9955,0.4996,Lajes Corporativas,lajes-corporativas,55.51,536668.04,369465454.72,0.7071,0.7249575551782683,AIEC11,2,1387.2450557394,13550,,0.75,20,2026-02-13,2026-02-13 20:07:10.248417
2722,AJFI11,0.0500,0.6100,0.6100,1.8300,0.5983,3.5900,0.7700,9.2400,1.6089,5.8764,2.2287,8.2100,1.2300,2026,,,,,,,,,,,,,Shoppings,shoppings,8.2,409789.74,352392703.05,0.739,,AJFI11,12,1076.9745928852,11189,0.60,0.10,,2026-02-13,2026-02-13 20:07:10.248417
216,ALMI11,4.5300,0.7200,0.7467,2.2400,0.6117,3.6700,0.5417,6.5000,6.2168,-5.7311,6.9816,626.6900,1.5300,2026,0.0000,2046.7799,-0.0517,214297860.7000,0.8982,-0.0517,0.0000,0.0000,0.0000,0.0000,0.0000,0.0000,Lajes Corporativas,lajes-corporativas,645,12781.45,229298384.99,0.3113,0.3151291450536523,ALMI11,1,4852.0990859024,1886,,0.383,,2026-02-13,2026-02-13 20:07:10.248417
62,ALZC11,0.1070,1.3800,1.3033,3.9100,1.3383,8.0300,1.3833,16.6000,-0.6402,0.7310,0.7310,7.7600,1.3800,2026,,,,,,,,,,,,,Papéis,papeis,8.08,352122.83,185921831.3,0.8426,,ALZC11,14,2277.8975581711,9946,,1.30,20,2026-02-13,2026-02-13 20:07:10.248417
366,ALZR11,0.0851,0.7900,0.7867,2.3600,0.8017,4.8100,0.8358,10.0300,0.2791,1.0713,1.0713,10.7800,0.7900,2026,0.7857,10.6400,-90.0458,1300994832.0600,-89.1650,-89.9676,2.3556,0.7852,4.7832,0.7972,8.7268,0.7272,Misto,misto,10.83,2466840.65,1300994832.06,1.0113,1.0178571428571428,ALZR11,23,822.10143524868,178582,0.70,0.25,,2026-02-13,2026-02-13 20:07:10.248417
283,APTO11,0.0800,0.9300,1.0200,3.0600,1.0533,6.3200,1.1017,13.2200,1.7710,4.1752,2.7174,8.6200,1.9900,2026,0.9202,9.7800,-1.8072,45116014.4400,13.1496,-0.9036,2.7635,0.9212,5.5271,0.9212,11.1212,0.9268,Imóveis Residenciais,imoveis-residenciais,8.31,41886.3,45116014.44,0.8589,0.8496932515337424,APTO11,3,1181.7950409672,7938,,1.5,20,2026-02-13,2026-02-13 20:07:10.248417
2784,APXM11,0.4920,0.5900,0.5033,1.5100,0.4283,2.5700,0.4208,5.0500,2.2013,2.8043,2.8043,83.5700,0.5900,2026,,,,,,,,,,,,,Shoppings,shoppings,80,559330.55,359844384.7,0.6579,,APXM11,1,6085.5446022703,664,,,,2026-02-13,2026-02-13 20:07:10.248417
398,ARCT11,0.5000,0.0000,0.4330,1.2989,0.6359,3.8155,1.0462,12.5547,0.0000,,0.0000,,0.0000,2023,0.7628,99.7700,0.0401,369956160.0700,6.3085,0.8032,2.3120,0.7707,,,,,Imóveis Industriais e Logísticos,imoveis-industriais-e-logisticos,87.13,1053903.45,371534654.03,0.8696,0.8733086098025459,ARCT11,9,15.634888213165,43228,,1,20,2026-02-13,2026-02-13 20:07:10.248417
2744,AROA11,0.0073,0.6800,0.9367,2.8100,0.8383,5.0300,0.7617,9.1400,1.9048,4.7933,2.5977,1.0700,2.8100,2026,,,,,,,,,,,,,Imóveis Industriais e Logísticos,imoveis-industriais-e-logisticos,1.12,4994.78,159780518.57,1.1667,,AROA11,6,2239.3262919341,5286,,,,2026-02-13,2026-02-13 20:07:10.248417
369,ARRI11,0.0900,1.3500,1.3400,4.0200,1.3667,8.2000,1.3450,16.1400,-2.7737,3.1423,-1.4612,6.6600,2.6600,2026,1.0766,8.3600,-5.6433,173229387.5200,-89.5155,-4.6275,3.2194,1.0731,6.4097,1.0683,12.7689,1.0641,Papéis,papeis,6.62,298060.96,173229387.52,0.7931,0.791866028708134,ARRI11,1,1195.5467776113,23703,,,,2026-02-13,2026-02-13 20:07:10.248417
5995,ARTE11,0.0958,0.0000,0.0000,0.0000,0.0000,0.0000,0.0000,0.0000,0.0000,,0.0000,,0.0000,2026,,,,,,,,,,,,,Misto,misto,0,,88242519.5,0,,ARTE11,,,738,,,,2026-02-13,2026-02-13 20:07:10.248417
2746,ARXD11,0.0900,1.1400,1.1667,3.5000,1.2133,7.2800,1.2892,15.4700,2.1935,8.0428,3.3586,7.9200,2.3000,2026,,,,,,,,,,,,,Papéis,papeis,7.85,68361.13,80485317.22,0.8661,,ARXD11,14,2042.6417944799,1973,,1.02,,2026-02-13,2026-02-13 20:07:10.248417
1737,ASMT11,0.0770,1.1200,0.0000,0.0000,0.0000,0.0000,0.0000,0.0000,-4.4568,-3.8264,-3.3867,6.8600,2.1900,2023,,,,,,,,,,,,,Lajes Corporativas,lajes-corporativas,4.1,12484,169085584.25,0.4146,,ASMT11,3,52.588724641718,1,,1.20,20,2026-02-13,2026-02-13 20:07:10.248417
2748,ASRF11,256.3287,0.0000,0.0000,0.0000,0.0000,0.0000,0.0000,0.0000,0.0000,,0.0000,,0.0000,2023,,,,,,,,,,,,,Indefinido,indefinido,10974,35914.82,42816887.19,1.0252,,ASRF11,2,100.78485313394,89,,,,2026-02-13,2026-02-13 20:07:10.248417
393,ATSA11,0.1500,0.2600,0.5400,0.5400,0.8400,0.8400,0.2458,2.9500,0.0000,,0.0000,57.5100,0.2600,2026,0.2031,73.8500,-9.3197,129326022.2800,-17.4821,-9.1356,0.5918,0.5918,1.6726,0.2788,5.0927,0.4244,Shoppings,shoppings,58.5,640.11,129236210.78,0.7921,0.7921462423832093,ATSA11,1,2378.1195290761,293,,0.50,,2026-02-13,2026-02-13 20:07:10.248417
63,AURB11,0.4500,0.0000,0.0000,0.0000,0.0000,0.0000,0.0000,0.0000,0.0000,,0.0000,,0.0000,2026,,,,,,,,,,,,,Imóveis Comerciais - Outros,imoveis-comerciais-outros,81,333328.5,88000869.64,0.9994,,AURB11,2,4667.0641813175,20,,1.05,,2026-02-13,2026-02-13 20:07:10.248417
2988,AZIN11,1.4000,1.3800,1.5367,4.6100,1.7533,10.5200,1.7242,20.6900,-0.5859,0.7860,0.7860,101.8000,1.3800,2026,,,,,,,,,,,,,FIP-IE,fip-ie,101.55,662745.7,0,0,,AZIN11,,1201.1621109756,0,,1.25,20,2026-02-13,2026-02-13 20:07:10.248417
4322,AZPE11,0.1100,0.0000,0.0000,0.0000,0.0000,0.0000,0.0000,0.0000,0.0000,,0.0000,,0.0000,2026,,,,,,,,,,,,,Papéis,papeis,0,,125497931.47,0,,AZPE11,9,,1,,,,2026-02-13,2026-02-13 20:07:10.248417
3478,AZPL11,0.0750,0.9700,0.9700,2.9100,0.9717,5.8300,1.1458,13.7500,-0.3881,1.5537,0.5781,7.7000,1.9400,2026,,,,,,,,,,,,,Serviços Financeiros Diversos,servicos-financeiros-diversos,7.71,256985.39,358228047.26,0.9068,,AZPL11,2,1747.8263955281,5610,,1.1,,2026-02-13,2026-02-13 20:07:10.248417
168,BBFI11B,634.2308,47.5100,0.0000,0.0000,7.9183,47.5100,5.8142,69.7700,4.2163,119.3947,53.7294,1335.0000,69.7700,2024,73.3410,864.7700,-60.0858,112420203.1600,-43.6136,-30.8123,83.9220,27.9740,87.9655,14.6609,90.0699,7.5058,Lajes Corporativas,lajes-corporativas,1257.1,182918.19,111645834.19,0.4075,1.4536813256704093,BBFI11B,1,43.395087164048,6989,,3.5,,2026-02-13,2026-02-13 20:07:10.248417
354,BBFO11,0.8700,1.2900,1.1667,3.5000,1.1683,7.0100,1.2067,14.4800,4.7072,9.3306,6.0579,67.4000,2.3900,2026,0.9122,77.8300,-4.7718,311613842.1500,0.6700,-3.9031,2.7705,0.9235,5.7865,0.9644,11.6746,0.9729,Fundo de Fundos,fundo-de-fundos,67.73,405528.26,311613842.15,0.8743,0.8702299884363357,BBFO11,14,1414.4759273172,7187,,0.50,,2026-02-13,2026-02-13 20:07:10.248417
539,BBGO11,0.9600,1.2000,1.3167,3.9500,1.3700,8.2200,1.4017,16.8200,15.3525,25.5176,16.7367,80.1700,2.5800,2026,0.9553,94.2100,-3.8045,377312577.3100,4.9846,-2.8856,2.8827,0.9609,5.8141,0.9690,12.9742,1.0812,Indefinido,indefinido,79.15,575286.74,377312577.31,0.8427,0.8401443583483708,BBGO11,0,1260.6523449175,12162,,0.85,10,2026-02-13,2026-02-13 20:07:10.248417
3480,BBIG11,0.0850,1.1200,1.1433,3.4300,1.1567,6.9400,1.1883,14.2600,4.8143,11.2054,5.9882,7.6200,2.2900,2026,,,,,,,,,,,,,Serviços Financeiros Diversos,servicos-financeiros-diversos,7.32,1421989,967278322.55,0.7357,,BBIG11,3,1824.1677207721,36346,,0.80,,2026-02-13,2026-02-13 20:07:10.248417
339,BBIM11,0.0968,0.0000,0.0000,0.0000,0.0000,0.0000,0.0000,0.0000,0.0000,,0.0000,,0.0000,2024,0.0000,0.0000,-100.0000,667.5000,0.0000,0.0000,0.0000,0.0000,0.0000,0.0000,0.0000,0.0000,Papéis,papeis,0,,667.5,0,,BBIM11,14,,20,,,,2026-02-13,2026-02-13 20:07:10.248417
284,BBRC11,1.0500,1.0300,1.3800,4.1400,1.2300,7.3800,1.1700,14.0400,-0.9515,6.8945,0.0687,102.0200,3.0700,2026,1.9979,105.1100,-2.3686,167125202.9900,10.9151,-0.4180,3.9984,1.3328,6.9932,1.1655,13.0269,1.0856,Agências de Bancos,agencias-de-bancos,104.06,139116.65,167125202.99,0.9807,0.9900104652269052,BBRC11,21,1816.8670420366,8766,,0.60,,2026-02-13,2026-02-13 20:07:10.248417
255,BCIA11,0.8600,0.8900,0.9467,2.8400,0.9833,5.9000,1.0175,12.2100,8.2883,11.6572,9.2521,96.1600,1.8600,2026,0.8198,104.9000,4.6280,390115306.4100,10.2438,5.4857,2.5076,0.8359,5.0492,0.8415,10.2308,0.8526,Fundo de Fundos,fundo-de-fundos,95.61,603777.61,390115306.41,0.9118,0.9114394661582459,BCIA11,14,1270.7412158273,20383,,0.50,20,2026-02-13,2026-02-13 20:07:10.248417
221,BCRI11,0.7500,1.0900,1.2367,3.7100,1.3200,7.9200,1.3383,16.0600,0.0000,8.4272,1.0900,69.0000,2.4100,2026,1.0697,85.0700,-15.6972,532350894.5700,-8.4217,-14.7954,3.1637,1.0546,6.2846,1.0474,12.0513,1.0043,Papéis,papeis,67,647231.87,532350894.57,0.7831,0.7875866933113906,BCRI11,14,1464.3827936758,42020,,1,,2026-02-13,2026-02-13 20:07:10.248417
1844,BDIF11,0.8000,1.0800,1.0767,3.2300,1.0433,6.2600,1.2000,14.4000,5.4869,6.6261,6.6261,74.2100,1.0800,2026,,,,,,,,,,,,,Indefinido,indefinido,76.32,3578961.09,0,0,,BDIF11,,1305.6617154545,0,,0.75,20,2026-02-13,2026-02-13 20:07:10.248417
2998,BDIV11,1.6000,3.8600,2.6167,7.8500,2.0250,12.1500,1.8325,21.9900,3.4655,7.4592,7.4592,41.5000,3.8600,2026,,,,,,,,,,,,,Indefinido,indefinido,39.4,385457.09,0,0,,BDIV11,,1710.106981355,0,,1.1,,2026-02-13,2026-02-13 20:07:10.248417
2753,BETW11,0.7403,0.0000,0.0000,0.0000,0.0000,0.0000,0.0000,0.0000,0.0000,,0.0000,,0.0000,2026,,,,,,,,,,,,,Indefinido,indefinido,0,,275741995.64,0,,BETW11,1,,2,,,,2026-02-13,2026-02-13 20:07:10.248417
6034,BGRB11,0.8100,0.6800,0.6800,0.6800,0.8200,0.8200,0.2542,3.0500,0.0000,,0.0000,120.0000,0.6800,2026,,,,,,,,,,,,,Lajes Corporativas,lajes-corporativas,110,5557.8,232005448.4,0.9164,,BGRB11,1,7993.3530483174,372,0.95,0.13,10,2026-02-13,2026-02-13 20:07:10.248417
422,BICE11,2.8100,0.0000,0.0000,0.0000,0.1100,0.1100,0.1717,2.0600,0.0000,,0.0000,,0.0000,2026,0.6003,1106.0300,10.9592,147560080.2400,19.6951,11.6253,1.7131,0.5710,2.5716,0.4286,5.6906,0.4742,Fundo de Fundos,fundo-de-fundos,888,444,147560080.24,0.8029,0.8028715315136118,BICE11,14,1859.8440032599,119,,,,2026-02-13,2026-02-13 20:07:10.248417
142,BICR11,0.3630,1.0200,0.0000,0.0000,0.0000,0.0000,0.0000,0.0000,-10.5448,-26.9733,-9.6324,35.6300,4.5200,2024,0.8539,42.5100,-57.2033,21256532.3100,-52.6563,-56.8378,2.0711,0.6904,3.8470,0.6412,106.0985,8.8415,Papéis,papeis,35.92,72,20805910.51,0.8633,0.844977652317102,BICR11,14,1.456287737667,641,,0.50,,2026-02-13,2026-02-13 20:07:10.248417
1860,BIDB11,1.0000,1.2400,1.2667,3.8000,1.2833,7.7000,1.4442,17.3300,1.1747,8.4816,2.4293,80.9600,2.4900,2026,,,,,,,,,,,,,Indefinido,indefinido,80.38,371461.48,0,0,,BIDB11,,1325.4324299773,0,,0.80,,2026-02-13,2026-02-13 20:07:10.248417
52,BIME11,0.0800,1.2200,1.1500,3.4500,1.1167,6.7000,1.2500,15.0000,3.9683,7.9439,5.2367,6.5500,2.4900,2026,0.7051,8.5100,-5.7586,49738412.6100,1.7580,-5.0941,2.3580,0.7860,5.4305,0.9051,11.8913,0.9909,Indefinido,indefinido,6.53,42213.43,49738412.61,0.7744,0.7673325499412457,BIME11,3,1692.2200254499,8070,,1.50,20,2026-02-13,2026-02-13 20:07:10.248417
3851,BINC11,1.4000,1.3700,0.8767,2.6300,1.2150,7.2900,1.2758,15.3100,3.3310,4.7466,4.7466,102.3700,1.3700,2026,,,,,,,,,,,,,Papéis,papeis,102.59,595112.65,0,0,,BINC11,,1287.0830685104,0,,0.90,,2026-02-13,2026-02-13 20:07:10.248417
6041,BINR11,297.5874,0.0000,0.0000,0.0000,0.0000,0.0000,0.0000,0.0000,0.0000,,0.0000,,0.0000,2026,,,,,,,,,,,,,Indefinido,indefinido,1673.35,,130041137.3,1.5279,,BINR11,10,,103,,,,2026-02-13,2026-02-13 20:07:10.248417
65,BIPD11,10.7700,0.0000,0.0000,0.0000,0.0000,0.0000,0.0000,0.0000,0.0000,,0.0000,,0.0000,2026,,,,,,,,,,,,,Indefinido,indefinido,989.33,430358,106519491.41,1.0257,,BIPD11,1,1311.3270839512,112,,,,2026-02-13,2026-02-13 20:07:10.248417
119,BLCA11,0.5000,0.5400,0.5467,1.6400,0.5500,3.3000,0.5925,7.1100,-3.0849,5.6045,-2.5615,92.0500,1.0700,2026,0.3870,129.1900,-10.0473,206697612.9500,27.6759,-9.6992,1.1750,0.3917,2.6224,0.4371,4.9012,0.4084,Indefinido,indefinido,93.91,3669.64,206697612.95,0.7354,0.7269138478210387,BLCA11,1,4760.2307628621,464,,1.15,20,2026-02-13,2026-02-13 20:07:10.248417
148,BLMC11,5.3373,0.0000,0.0000,0.0000,0.0000,0.0000,0.0000,0.0000,0.0000,,0.0000,,0.7400,2024,1.1300,94.6900,-1.4775,37827096.1200,2.8755,-0.3642,2.4708,0.8236,4.6291,0.7715,9.8418,0.8202,Papéis,papeis,85.75,150671.33,118155565.38,1.3438,0.9055866511775267,BLMC11,14,3.226525989103,8102,,,,2026-02-13,2026-02-13 20:07:10.248417
415,BLMG11,0.4000,1.1400,1.1733,3.5200,1.1333,6.8000,1.1233,13.4800,0.8369,5.1835,1.9865,34.9400,2.3400,2026,0.8188,48.8500,-49.0828,228329780.8400,-46.4521,-48.6658,2.0456,0.6819,3.5525,0.5921,7.3160,0.6097,Imóveis Industriais e Logísticos,imoveis-industriais-e-logisticos,34.89,194344.04,228329780.84,0.7142,0.7142272262026612,BLMG11,2,2836.3310266863,13051,,0.95,20,2026-02-13,2026-02-13 20:07:10.248417
424,BLMO11,0.4000,0.4500,0.3500,1.0500,0.3817,2.2900,0.5283,6.3400,0.0000,,0.0000,89.0000,0.4500,2026,0.5374,98.6200,-99.6669,98106458.6100,-99.6186,-99.6651,1.5503,0.5168,3.1158,0.5193,5.9608,0.4967,Lajes Corporativas,lajes-corporativas,87.99,8370.13,98106458.61,0.8913,0.8922125329547758,BLMO11,1,3268.2046367561,290,,1,15,2026-02-13,2026-02-13 20:07:10.248417
171,BLMR11,0.3733,0.0000,0.0000,0.0000,0.0000,0.0000,0.0000,0.0000,0.0000,,0.0000,,0.0000,2024,0.6965,7.6100,-1.6796,194292702.5300,1.8154,-0.9948,2.0816,0.6939,4.3292,0.7215,9.3722,0.7810,Fundo de Fundos,fundo-de-fundos,6.78,1157702.33,118155565.38,0.1063,0.8909329829172142,BLMR11,14,3.493134806392,8102,,1,20,2026-02-13,2026-02-13 20:07:10.248417
3216,BLOG11,0.0200,0.2000,0.0000,0.0000,0.2000,0.2000,0.2092,2.5100,-6.8161,-8.7600,-6.6297,9.9800,2.7600,2025,,,,,,,,,,,,,Misto,misto,8.4,192.94,346922775.8,0.746,,BLOG11,6,6222.994576385,105,0.85,0.20,,2026-02-13,2026-02-13 20:07:10.248417
83,BLUR11,74.2872,0.0000,0.0000,0.0000,0.0000,0.0000,0.2533,3.0400,0.0000,,0.0000,,4.0100,2025,,,,,,,,,,,,,Papéis,papeis,76.03,228,6851720.42,0.9987,,BLUR11,14,7392.233995277,1,,,,2026-02-13,2026-02-13 20:07:10.248417
282,BMLC11,0.7000,0.6900,0.4967,1.4900,0.4983,2.9900,0.6217,7.4600,0.0000,,0.0000,101.9800,0.6900,2026,0.6532,110.2300,-2.8554,110049989.2500,6.7626,-2.2209,1.9754,0.6585,3.9506,0.6584,7.9005,0.6584,Lajes Corporativas,lajes-corporativas,102.5,16295.09,110049989.25,0.9298,0.9298739000272158,BMLC11,1,99872.048870301,1232,0.20,0.20,,2026-02-13,2026-02-13 20:07:10.248417
133,BNFS11,0.7000,0.9700,1.0233,3.0700,1.1667,7.0000,1.3117,15.7400,-2.6715,0.9318,-1.7274,72.5000,1.9800,2026,1.0268,77.9100,-14.7593,54538305.5900,-8.3006,-13.8840,3.3961,1.1320,7.2259,1.2043,14.7633,1.2303,Agências de Bancos,agencias-de-bancos,70.34,84005.35,54538305.59,0.8978,0.9028366063406496,BNFS11,18,1678.0114129968,5635,,0.3,,2026-02-13,2026-02-13 20:07:10.248417
1767,BODB11,0.0900,1.1000,1.1933,3.5800,1.2367,7.4200,1.1733,14.0800,2.5157,13.0551,3.6434,8.1500,2.3600,2026,,,,,,,,,,,,,Indefinido,indefinido,7.99,1541215.39,0,0,,BODB11,,1717.8559709742,0,,0.90,20,2026-02-13,2026-02-13 20:07:10.248417
248,BPFF11,2.2386,0.0000,0.0000,0.0000,0.0000,0.0000,0.5908,7.0900,0.0000,,0.0000,,9.5000,2025,1.1263,62.1500,-15.4307,279190787.9700,-11.9626,-14.4782,3.1269,1.0423,5.8476,0.9746,11.1908,0.9326,Fundo de Fundos,fundo-de-fundos,54.53,512062,279190787.97,0.8774,0.8773934030571199,BPFF11,14,1660.8915997079,20101,,0.40,20,2026-02-13,2026-02-13 20:07:10.248417
64,BPLC11,14.4205,0.0000,0.0000,0.0000,0.0000,0.0000,0.0000,0.0000,0.0000,,0.0000,,0.0000,2023,,,,,,,,,,,,,Misto,misto,0,,322983368.68,0,,BPLC11,1,,124,,,,2026-02-13,2026-02-13 20:07:10.248417
210,BPML11,0.9200,1.0000,1.0800,3.2400,1.1383,6.8300,1.2592,15.1100,8.2608,9.3434,9.3434,92.0000,1.0000,2026,0.7428,123.8500,-0.7214,921674784.4400,0.9615,0.0160,2.2314,0.7438,4.6619,0.7770,9.5695,0.7975,Shoppings,shoppings,91.4,1095395.91,921674784.44,0.7315,0.7379895034315705,BPML11,4,1199.4355206632,5192,,1,,2026-02-13,2026-02-13 20:07:10.248417
305,BPRP11,0.9250,0.0000,0.0000,0.0000,0.0000,0.0000,0.0000,0.0000,0.0000,,0.0000,,4.5400,2024,,,,,,,,,,,,,Imóveis Industriais e Logísticos,imoveis-industriais-e-logisticos,107.5,2150,169496975.27,0.8561,,BPRP11,15,1.529483084853,171,,,,2026-02-13,2026-02-13 20:07:10.248417
226,BRCO11,0.8700,0.7300,0.7367,2.2100,0.7533,4.5200,0.8158,9.7900,1.4335,3.7131,2.1740,119.5800,1.4700,2026,0.7481,116.2900,-4.2723,2095693106.4900,4.9525,-3.5561,2.2299,0.7433,4.6001,0.7667,9.0137,0.7511,Imóveis Industriais e Logísticos,imoveis-industriais-e-logisticos,118.91,4484033.48,2097601850.11,1.0161,1.022529882191074,BRCO11,12,1086.2265525187,124852,1,,20,2026-02-13,2026-02-13 20:07:10.248417
165,BRCR11,0.4100,0.8400,0.8800,2.6400,0.9350,5.6100,1.0108,12.1300,1.2917,14.1920,2.1425,48.6200,1.6900,2026,0.4734,86.6000,-13.4519,2306939031.1400,-14.3016,-13.0422,1.4279,0.4760,2.8739,0.4790,6.0413,0.5034,Lajes Corporativas,lajes-corporativas,48.53,2903830.61,2279418567.5,0.5657,0.5603926096997691,BRCR11,6,1277.8154061859,117699,1.50,0.25,,2026-02-13,2026-02-13 20:07:10.248417
320,BREV11,0.5800,0.5500,0.0000,0.0000,0.0000,0.0000,0.0000,0.0000,0.3153,22.0818,0.8670,105.0000,10.0300,2023,0.0000,0.0000,-100.0000,0.0000,0.0000,0.0000,0.0000,0.0000,0.0000,0.0000,0.0000,0.0000,Lajes Corporativas,lajes-corporativas,105,532138,118155565.38,1.6455,,BREV11,1,0.339502029304,8102,,,,2026-02-13,2026-02-13 20:07:10.248417
3453,BRFT11,1.2200,1.3600,1.3767,4.1300,1.4483,8.6900,1.5950,19.1400,5.2632,9.3610,6.6947,90.0000,2.7800,2026,0.0000,0.0000,0.0000,0.0000,0.0000,0.0000,0.0000,0.0000,0.0000,0.0000,0.0000,0.0000,Misto,misto,88.49,94072.35,0,0,,BRFT11,,2948.0731559248,0,,,,2026-02-13,2026-02-13 20:07:10.248417
428,BRIM11,52.3700,17.7500,15.6233,46.8700,15.6367,93.8200,13.0758,156.9100,-7.2706,37.9535,9.1889,295.0000,46.8700,2026,,,,,,,,,,,,,Fundo de Desenvolvimento,fundo-de-desenvolvimento,257,21631.74,7794926.79,4.3797,,BRIM11,2,9714.4302975574,707,,1.7,,2026-02-13,2026-02-13 20:07:10.248417
164,BRIP11,27.8500,6.1900,2.0633,6.1900,3.6250,21.7500,4.9683,59.6200,0.0000,,0.0000,450.0000,6.1900,2026,,,,,,,,,,,,,Fundo de Desenvolvimento,fundo-de-desenvolvimento,382.16,12729.1,120043154.87,0.6911,,BRIP11,10,8885.1669527636,440,,2,,2026-02-13,2026-02-13 20:07:10.248417
66,BRIX11,180.1409,0.0000,0.0000,0.0000,0.0000,0.0000,0.0000,0.0000,0.0000,,0.0000,,0.0000,2025,,,,,,,,,,,,,Indefinido,indefinido,1673.35,195781,133780649.39,1.4852,,BRIX11,10,,103,,,,2026-02-13,2026-02-13 20:07:10.248417
181,BRLA11,1.1500,0.7800,0.7933,2.3800,0.5183,3.1100,0.3867,4.6400,4.9929,5.0598,5.8118,146.9900,4.6400,2024,0.6909,166.4600,5.3611,815145198.3800,-2.2562,6.0890,2.0806,0.6935,4.1023,0.6837,8.3655,0.6971,Imóveis Industriais e Logísticos,imoveis-industriais-e-logisticos,148,21194.28,815145198.38,0.841,0.8891024870839841,BRLA11,8,76.516526650649,435,,-0.75,,2026-02-13,2026-02-13 20:07:10.248417
1834,BROF11,0.5500,0.9600,0.9767,2.9300,0.9167,5.5000,1.0867,13.0400,3.0134,4.0023,4.0023,57.0900,0.9600,2026,,,,,,,,,,,,,Lajes Corporativas,lajes-corporativas,60.02,516499.91,1278765389.15,0.54,,BROF11,1,1922.7350973072,10350,0.45,0.15,,2026-02-13,2026-02-13 20:07:10.248417
2991,BRZP11,0.9200,0.5000,0.5467,1.6400,0.5967,3.5800,0.6100,7.3200,5.9826,22.9291,6.5125,182.2900,1.0300,2026,,,,,,,,,,,,,,,169.37,893144.57,0,0,,BRZP11,,2283.4447285294,0,1.5,0.12,,2026-02-13,2026-02-13 20:07:10.248417
2614,BTAG11,1.3500,1.2300,1.2200,3.6600,1.2983,7.7900,1.3625,16.3500,-4.2957,4.8045,-3.1185,110.0600,2.4000,2026,1.2170,110.9300,0.0000,47609855.7900,0.0000,0.0000,3.6096,1.2032,4.7860,0.7977,4.7860,0.5982,Indefinido,indefinido,107,102878.26,47609855.79,0.9505,0.9645722527720183,BTAG11,,2281.2501878468,2927,1,0.15,10,2026-02-13,2026-02-13 20:07:10.248417
446,BTAL11,0.9500,1.0600,1.1500,3.4500,1.1800,7.0800,1.2000,14.4000,9.9079,11.0729,11.0729,89.5200,1.0600,2026,0.8178,116.1600,10.5654,694931637.7200,20.8448,11.4696,2.4486,0.8162,4.8580,0.8097,9.4823,0.7902,Imóveis Industriais e Logísticos,imoveis-industriais-e-logisticos,89.68,755723.61,694931637.72,0.7706,0.7720385674931131,BTAL11,9,1522.5912991258,38168,,1.10,,2026-02-13,2026-02-13 20:07:10.248417
1769,BTCI11,0.0930,0.9900,1.0167,3.0500,1.0450,6.2700,1.0967,13.1600,0.1071,1.7139,1.0981,9.3500,2.0300,2026,,,,,,,,,,,,,Papéis,papeis,9.25,2536982.22,999918174.08,0.9224,,BTCI11,14,944.27627622321,198581,,0.95,,2026-02-13,2026-02-13 20:07:10.248417
350,BTCR11,0.9000,0.9800,0.0000,0.0000,0.0000,0.0000,0.0000,0.0000,-5.9618,14.5378,-5.0402,91.9600,12.5300,2022,0.9447,95.2700,0.6413,458252683.7300,4.6229,1.5920,2.8966,0.9655,6.6450,1.1075,,,Papéis,papeis,88,571148,118155565.38,1.3791,0.9236905636611735,BTCR11,14,32.776924943563,8102,,1,,2026-02-13,2026-02-13 20:07:10.248417
3963,BTHF11,0.1010,1.0700,1.1167,3.3500,1.1000,6.6000,1.1500,13.8000,6.1798,14.2408,7.3159,9.4500,2.2600,2026,,,,,,,,,,,,,Papéis,papeis,9.43,5295216.43,2109142405.64,0.9044,,BTHF11,,1237.5463212127,312539,,1.10,,2026-02-13,2026-02-13 20:07:10.248417
2960,BTHI11,0.3050,0.6800,0.7333,2.2000,0.8750,5.2500,0.9342,11.2100,-1.4023,-5.9697,-0.7318,45.0000,1.3600,2026,,,,,,,,,,,,,Hotéis,hoteis,42.5,70315.04,598615097.82,0.6617,,BTHI11,14,2998.1244627018,1616,,0.8,20,2026-02-13,2026-02-13 20:07:10.248417
6058,BTHR11,0.1900,0.0000,0.0000,0.0000,0.0000,0.0000,0.0000,0.0000,0.0000,,0.0000,,0.0000,2026,,,,,,,,,,,,,Hotéis,hoteis,0,,333658415.61,0,,BTHR11,,,24,,,,2026-02-13,2026-02-13 20:07:10.248417
432,BTLG11,0.7900,0.7600,0.7633,2.2900,0.7783,4.6700,0.8083,9.7000,0.9766,1.7440,1.7440,103.4000,0.7600,2026,0.7676,102.9200,4.2017,5486794516.2100,10.4212,5.0015,2.2921,0.7640,4.5597,0.7599,9.1470,0.7622,Imóveis Industriais e Logísticos,imoveis-industriais-e-logisticos,102.91,16008243.61,5497692138.64,0.9929,0.9999028371550719,BTLG11,19,634.16034800415,438517,,0.90,,2026-02-13,2026-02-13 20:07:10.248417
3285,BTML11,0.9700,0.0000,0.0000,0.0000,0.0000,0.0000,0.2142,2.5700,0.0000,,0.0000,,0.0000,2026,,,,,,,,,,,,,Lajes Corporativas,lajes-corporativas,101.37,,144584994.58,0.7951,,BTML11,2,2.438540867945,1,,,,2026-02-13,2026-02-13 20:07:10.248417
251,BTRA11,0.8000,1.2300,0.8600,2.5800,0.7683,4.6100,0.7967,9.5600,7.1476,8.4655,8.4655,65.2100,1.2300,2026,0.3576,111.8600,-19.3511,376363788.9000,15.2451,-19.0627,0.9866,0.9866,2.4523,0.4087,4.1885,0.3490,Fazendas,fazendas,67.97,315865.13,376363788.9,0.5242,0.6076345431789737,BTRA11,5,2822.5260859319,11922,,1.20,20,2026-02-13,2026-02-13 20:07:10.248417
197,BTSG11,1.0000,0.0000,0.0000,0.0000,0.2283,1.3700,0.2642,3.1700,0.0000,,0.0000,,0.0000,2026,0.6408,156.0600,13.3745,120950379.3700,25.6673,14.1010,1.9390,0.6463,3.9115,0.6519,7.6605,0.6384,Imóveis Industriais e Logísticos,imoveis-industriais-e-logisticos,145.92,146,120950379.37,0.935,0.9350249903883121,BTSG11,1,1589.9385793864,106,,,,2026-02-13,2026-02-13 20:07:10.248417
421,BTSI11,0.8100,0.0000,0.7400,0.7400,0.7400,0.7400,0.2983,3.5800,0.0000,,0.0000,,0.0000,2026,,,,,,,,,,,,,Misto,misto,109.59,219,788070084.79,0.8864,,BTSI11,5,4202.1310719006,219,,,,2026-02-13,2026-02-13 20:07:10.248417
370,BTWR11,0.6000,0.0000,0.0000,0.0000,0.0000,0.0000,0.1392,1.6700,0.0000,,0.0000,,0.0000,2026,0.6761,118.3200,5.6334,95755521.8200,14.9078,6.3476,1.8153,0.6051,3.3740,0.5623,6.4381,0.5365,Fundo de Desenvolvimento,fundo-de-desenvolvimento,105.49,105,96096199.59,0.8916,0.8915652467883706,BTWR11,1,1877.0623319911,141,,,,2026-02-13,2026-02-13 20:07:10.248417
3513,BTYU11,0.0846,0.8500,0.9700,2.9100,1.0183,6.1100,1.1692,14.0300,5.2966,6.1916,6.1916,9.9400,0.8500,2026,,,,,,,,,,,,,Incorporações,incorporacoes,8.55,7168.57,302938921.48,0.9446,,BTYU11,14,6114.3450857919,566,,1.25,20,2026-02-13,2026-02-13 20:07:10.248417
321,BZEL11,5.0924,0.0000,0.0000,0.0000,0.0000,0.0000,0.0000,0.0000,0.0000,,0.0000,,0.0000,2023,,,,,,,,,,,,,Misto,misto,0,,525933239.9,0,,BZEL11,14,,3,,,,2026-02-13,2026-02-13 20:07:10.248417
68,CACR11,1.2000,1.4100,1.6133,4.8400,1.6917,10.1500,1.6283,19.5400,6.4674,16.3270,7.9685,85.1100,3.1000,2026,1.7530,74.7300,-27.8180,361412805.1900,2.5752,-26.5527,5.3081,1.7694,10.0358,1.6726,18.4399,1.5367,Papéis,papeis,78.29,2234819.39,458809658.24,1.0669,1.047638164057273,CACR11,14,2565.8604690703,27015,,1,20,2026-02-13,2026-02-13 20:07:10.248417
3455,CAFE11,1.0082,0.0000,0.0000,0.0000,0.0000,0.0000,0.0000,0.0000,0.0000,,0.0000,,0.0000,2025,,,,,,,,,,,,,Misto,misto,0,,0,0,,CAFE11,,,0,,,,2026-02-13,2026-02-13 20:07:10.248417
336,CARE11,0.0084,1.1300,0.0000,0.0000,0.0000,0.0000,0.0000,0.0000,-2.6316,42.1381,-1.5313,0.7400,6.7900,2021,0.1045,1.6041,-0.2412,286915148.0400,3.5632,-0.1369,0.3129,0.1043,0.6074,0.1012,,,Misto,misto,5.63,7210.65,249412875.35,0.7633,3.509756249610373,CARE11,14,38021.190735011,11759,,1.55,20,2026-02-13,2026-02-13 20:07:10.248417
276,CBOP11,0.1600,0.4200,0.7367,2.2100,0.5517,3.3100,0.4950,5.9400,15.6768,8.6170,16.1627,38.3700,1.9300,2026,0.1385,72.1800,-2.2216,102135370.3800,-12.7404,-2.0862,0.4343,0.4343,0.8782,0.8782,1.7689,0.1474,Lajes Corporativas,lajes-corporativas,40,21481,102135370.38,0.5542,0.5541701302299805,CBOP11,1,5036.9212178671,2077,,0.3,,2026-02-13,2026-02-13 20:07:10.248417
58,CCME11,0.0840,0.9200,0.9467,2.8400,0.9583,5.7500,0.9867,11.8400,-1.8359,6.4457,-0.9327,9.0900,1.8700,2026,,,,,,,,,,,,,Indefinido,indefinido,9.09,270701.91,715648527.43,0.8722,,CCME11,1,2007.3473058821,9197,1.25,0.15,20,2026-02-13,2026-02-13 20:07:10.248417
261,CCRF11,3.5013,0.0000,0.0000,0.0000,0.0000,0.0000,0.0000,0.0000,0.0000,,0.0000,,0.0000,2024,3.7556,93.2300,-2.8551,146548498.3100,3.5515,0.7933,4.8739,1.6246,8.2918,1.3820,12.5631,1.0469,Papéis,papeis,92.5,1276.82,118155565.38,1.4496,0.9921699023919339,CCRF11,14,8.061205807437,8102,,,,2026-02-13,2026-02-13 20:07:10.248417
3563,CCVA11,0.6000,0.0000,0.0000,0.0000,0.0000,0.0000,0.1492,1.7900,0.0000,,0.0000,,0.0000,2026,,,,,,,,,,,,,Indefinido,indefinido,98.97,159202.27,63925511.7,0.9718,,CCVA11,1,0.945499126369,1,,,,2026-02-13,2026-02-13 20:07:10.248417
2477,CDII11,1.3200,1.2100,1.2833,3.8500,1.4683,8.8100,1.4225,17.0700,-1.9789,3.1897,-0.7928,109.4700,2.5700,2026,,,,,,,,,,,,,Indefinido,indefinido,105.9,8777470.83,0,0,,CDII11,,1706.8056173141,0,,1,,2026-02-13,2026-02-13 20:07:10.248417
183,CEOC11,0.4300,0.9400,1.0500,3.1500,1.0883,6.5300,1.1592,13.9100,-0.3497,4.8897,0.5871,45.6000,2.0500,2026,0.6730,72.8100,-7.6015,132209542.8100,-15.1626,-6.9797,2.0109,0.6703,4.0071,0.6678,7.7765,0.6480,Lajes Corporativas,lajes-corporativas,44.67,28358.83,132209542.81,0.6139,0.6135146271116605,CEOC11,1,1730.2742108558,3809,,0.20,,2026-02-13,2026-02-13 20:07:10.248417
134,CFHI11,26.4663,0.0000,0.0000,0.0000,0.0000,0.0000,1.8158,21.7900,0.0000,,0.0000,,23.5300,2025,,,,,,,,,,,,,Fundo de Desenvolvimento,fundo-de-desenvolvimento,20.1,40,2514034.94,0.7562,,CFHI11,4,624888.66159096,96,,,,2026-02-13,2026-02-13 20:07:10.248417
69,CFII11,78.0000,0.0000,0.0000,0.0000,0.0000,0.0000,0.4325,5.1900,0.0000,,0.0000,,0.0000,2026,,,,,,,,,,,,,Indefinido,indefinido,768.97,298.38,102418709.69,0.9484,,CFII11,5,26792.332918538,101,,,,2026-02-13,2026-02-13 20:07:10.248417
3225,CIXM11,0.1500,0.0000,0.0000,0.0000,0.0000,0.0000,0.0000,0.0000,0.0000,,0.0000,,0.0000,2025,,,,,,,,,,,,,Misto,misto,9.04,220499.5,236270251.15,0.2344,,CIXM11,14,,108,,,,2026-02-13,2026-02-13 20:07:10.248417
157,CJCT11,0.2400,0.3700,0.6900,0.6900,0.2200,1.3200,0.2875,3.4500,0.0000,,0.0000,64.9300,0.3700,2026,0.0000,57.9017,0.5813,156913697.5600,0.5813,0.5813,,,,,,,Lajes Corporativas,lajes-corporativas,64.2,66010.6,231430573.98,0.8716,1.1087757354274572,CJCT11,1,3380.1925558472,819,,,,2026-02-13,2026-02-13 20:07:10.248417
2962,CLIN11,0.8800,0.9300,1.0333,3.1000,1.0883,6.5300,1.2017,14.4200,5.4694,11.6539,6.4502,94.4900,1.9900,2026,,,,,,,,,,,,,Fundo de Fundos,fundo-de-fundos,92.06,1164114.48,423853815.62,0.9509,,CLIN11,14,1371.674304765,12114,,1.05,,2026-02-13,2026-02-13 20:07:10.248417
327,CNES11,0.0029,0.1600,0.3933,1.1800,0.5033,3.0200,0.6100,7.3200,0.0000,0.1600,0.1600,1.8200,0.1600,2026,0.1598,6.5100,-92.7206,222331517.5400,-92.3901,-92.7089,0.3869,0.3869,0.6524,0.6524,1.2518,0.1043,Lajes Corporativas,lajes-corporativas,1.7,72106.13,221405992.1,0.2635,0.261136712749616,CNES11,1,5752.4197646643,82018,,0.30,,2026-02-13,2026-02-13 20:07:10.248417
2756,COPP11,0.7500,0.0000,0.0000,0.0000,0.0000,0.0000,0.0000,0.0000,0.0000,,0.0000,,0.0000,2023,,,,,,,,,,,,,Lajes Corporativas,lajes-corporativas,103,1827632,511745359.37,0.9606,,COPP11,4,17.748239349299,114,,,,2026-02-13,2026-02-13 20:07:10.248417
362,CORM11,0.7700,0.9006,0.9212,2.7636,0.8919,5.3513,0.9485,11.3823,-2.9732,-4.2658,-2.0994,85.5000,6.2039,2022,0.8945,90.5559,-2.3278,92123992.7200,0.2094,-1.4542,2.6360,0.8787,,,,,Lajes Corporativas,lajes-corporativas,0,,0,0,,CORM11,,,0,,,,2026-02-13,2026-02-13 20:07:10.248417
2754,CPFO11,31.4246,0.0000,0.0000,0.0000,0.0000,0.0000,0.0000,0.0000,0.0000,,0.0000,,0.0000,2023,,,,,,,,,,,,,Fundo de Fundos,fundo-de-fundos,0,,118155565.38,0,,CPFO11,14,,8102,,,,2026-02-13,2026-02-13 20:07:10.248417
3365,CPLG11,0.1300,1.0200,1.3733,4.1200,1.2983,7.7900,0.9067,10.8800,-3.1179,3.2851,-2.1297,12.7400,2.5400,2026,,,,,,,,,,,,,Misto,misto,12.35,13819956.52,471402008.32,1.1319,,CPLG11,1,2118.1132654714,1850,,0.90,10,2026-02-13,2026-02-13 20:07:10.248417
3220,CPOF11,0.4700,0.0000,0.0000,0.0000,0.8100,0.8100,0.2525,3.0300,0.0000,,0.0000,,0.0000,2026,,,,,,,,,,,,,Misto,misto,110,29824105.47,511745359.37,1.0258,,CPOF11,4,3156.7901666527,114,,,,2026-02-13,2026-02-13 20:07:10.248417
2815,CPSH11,0.1100,1.0000,1.1667,3.5000,1.1067,6.6400,1.1250,13.5000,0.8242,1.8324,1.8324,11.0100,1.0000,2026,,,,,,,,,,,,,Indefinido,indefinido,10.88,13219360.04,896577861.9,0.9561,,CPSH11,7,1217.0313254797,30426,,0.92,10,2026-02-13,2026-02-13 20:07:10.248417
7773,CPTA11,0.0400,0.0000,0.0000,0.0000,0.0000,0.0000,0.0000,0.0000,0.0000,,0.0000,,0.0000,2026,15.4696,3.6200,0.0000,77931758.5300,0.0000,0.0000,15.4696,15.4696,15.4696,15.4696,15.4696,15.4696,Fiagro,fiagro,0,,77931758.53,0,,CPTA11,,,1102,,1,20,2026-02-13,2026-02-13 20:07:10.248417
1862,CPTI11,1.1500,1.2700,1.2000,3.6000,1.2150,7.2900,1.2542,15.0500,3.6644,11.0454,4.9809,90.8100,2.4100,2026,,,,,,,,,,,,,Indefinido,indefinido,89.99,2586293,0,0,,CPTI11,,1057.6868094697,0,,1,,2026-02-13,2026-02-13 20:07:10.248417
460,CPTR11,0.1150,1.3700,1.4367,4.3100,1.4500,8.7000,1.4383,17.2600,11.0964,12.6185,12.6185,8.4100,1.3700,2026,1.1033,9.9700,-89.8968,197583458.3700,-89.6404,-89.7853,3.3222,1.1074,6.5633,1.0939,12.3154,1.0263,Indefinido,indefinido,8.36,335663.22,197583458.37,0.8576,0.8385155466399197,CPTR11,0,1361.6974677135,21542,,1,20,2026-02-13,2026-02-13 20:07:10.248417
447,CPTS11,0.0900,1.1100,1.1467,3.4400,1.1733,7.0400,1.2175,14.6100,4.2254,9.2520,5.3823,8.1400,2.2600,2026,0.9804,9.1800,-89.6575,3197097104.6300,-89.4522,-89.5561,2.9950,0.9983,5.9150,0.9858,11.4386,0.9532,Papéis,papeis,8.02,8342186.17,3197097104.63,0.8889,0.8736383442265795,CPTS11,14,1030.4566569284,355275,0.82,,,2026-02-13,2026-02-13 20:07:10.248417
5189,CPUR11,0.1000,0.9100,0.9367,2.8100,0.8783,5.2700,0.9492,11.3900,4.8664,5.8207,5.8207,10.9900,0.9100,2026,,,,,,,,,,,,,Misto,misto,10.68,722137.48,664693959.53,1.0908,,CPUR11,15,1365.5818193107,1550,1,,10,2026-02-13,2026-02-13 20:07:10.248417
2559,CRAA11,1.3000,1.2600,1.2500,3.7500,1.2917,7.7500,1.3283,15.9400,6.6757,9.9519,8.0198,102.9100,2.5000,2026,1.1794,101.7500,0.0000,241141942.7000,0.0000,0.0000,3.6335,1.2112,7.3081,1.2180,13.3921,1.1160,Indefinido,indefinido,100.47,1088936.52,241141942.7,0.9909,0.9874201474201474,CRAA11,,904.23776369383,10443,,1.15,20,2026-02-13,2026-02-13 20:07:10.248417
436,CRFF11,0.6300,0.8300,0.8367,2.5100,0.8333,5.0000,0.8542,10.2500,4.0822,3.8568,4.9461,75.9800,1.6900,2026,0.7080,86.1600,2.5714,59457048.0400,9.0810,3.2976,2.1689,0.7230,4.4045,0.7341,9.0046,0.7504,Fundo de Fundos,fundo-de-fundos,76,18079.74,60138241.01,0.8894,0.882079851439183,CRFF11,14,3825.6868110237,1179,,,,2026-02-13,2026-02-13 20:07:10.248417
2757,CSMC11,8.1959,0.0000,0.0000,0.0000,0.0000,0.0000,0.0000,0.0000,0.0000,,0.0000,,0.0000,2026,,,,,,,,,,,,,Indefinido,indefinido,0,,2020971477.93,0,,CSMC11,11,,1,,,,2026-02-13,2026-02-13 20:07:10.248417
242,CTXT11,0.0100,0.0400,0.0000,0.0000,0.0000,0.0000,0.0000,0.0000,1.3974,-25.9565,1.4379,23.2200,0.7500,2021,0.1862,48.3312,-0.0969,125384663.8500,0.5388,0.0892,0.3930,0.1310,0.8061,0.1343,,,Lajes Corporativas,lajes-corporativas,5.57,1142.65,95851888.87,0.273,0.11524646605091535,CTXT11,1,6171.0139412337,2181,,0.265,,2026-02-13,2026-02-13 20:07:10.248417
72,CVPR11,0.8450,0.0000,0.0000,0.0000,0.0000,0.0000,0.0000,0.0000,0.0000,,0.0000,,0.0000,2026,,,,,,,,,,,,,Indefinido,indefinido,0,,60231820.17,0,,CVPR11,14,,3,,,,2026-02-13,2026-02-13 20:07:10.248417
86,CXAG11,0.7200,0.9100,1.0033,3.0100,0.9817,5.8900,1.0583,12.7000,3.4348,10.1602,4.3761,79.5000,2.0300,2026,0.6515,110.5200,-3.6023,231047940.6600,15.5012,-2.9743,1.9171,0.6390,4.2429,0.7071,7.8899,0.6575,Agências de Bancos,agencias-de-bancos,76.2,130271.26,231047940.66,0.6971,0.6894679695982628,CXAG11,32,1295.153896147,11583,,0.58,,2026-02-13,2026-02-13 20:07:10.248417
6127,CXCE11,0.4797,1.1400,1.1567,3.4700,1.1467,6.8800,1.1842,14.2100,2.5391,5.4621,3.7080,42.0000,2.3100,2026,,,,,,,,,,,,,Lajes Corporativas,lajes-corporativas,41.83,27373.65,107905417.91,0.6606,,CXCE11,1,1583.8145561479,2915,,5,,2026-02-13,2026-02-13 20:07:10.248417
343,CXCE11B,0.4293,1.0900,1.0833,3.2500,1.0933,6.5600,1.0200,12.2400,0.1777,3.7260,1.2696,39.4700,12.2400,2024,0.6722,64.5300,-1.6311,110543765.8800,0.1881,-0.9698,1.9759,0.6586,3.9188,0.6531,7.8145,0.6512,Lajes Corporativas,lajes-corporativas,44.01,9205,110543765.88,0.5962,0.6820083682008368,CXCE11B,1,22.210224132398,3247,,5,,2026-02-13,2026-02-13 20:07:10.248417
132,CXCI11,0.7500,1.0200,1.1500,3.4500,1.1517,6.9100,1.2025,14.4300,1.2251,11.8716,2.2575,73.5400,2.2600,2026,0.9212,86.8400,-6.7340,178692556.7200,-3.8529,-5.8748,2.6896,0.8965,5.5494,0.9249,11.0241,0.9187,Indefinido,indefinido,72.11,101768.74,178692556.72,0.8316,0.8303777061262091,CXCI11,14,1263.3603072302,5414,,0.70,20,2026-02-13,2026-02-13 20:07:10.248417
147,CXCO11,0.7500,1.0500,1.1633,3.4900,1.1650,6.9900,1.2383,14.8600,5.0758,15.1945,6.1791,71.4200,2.3900,2026,0.7269,96.3000,-3.0211,377933926.3100,10.0712,-2.3162,2.1783,0.7261,4.6195,0.7699,8.8815,0.7401,Lajes Corporativas,lajes-corporativas,70.87,148239.78,374665086.21,0.7404,0.7359293873312566,CXCO11,10,1879.2881879662,12261,0.125,0.125,,2026-02-13,2026-02-13 20:07:10.248417
363,CXRI11,0.6200,0.9000,0.9033,2.7100,0.9233,5.5400,0.9492,11.3900,0.8824,10.5550,1.7903,68.6000,1.7800,2026,0.6794,86.8400,5.0696,136838521.4400,10.6974,5.7834,2.0929,0.6976,4.2742,0.7124,8.7684,0.7307,Fundo de Fundos,fundo-de-fundos,66,24981.61,137430479.15,0.7568,0.7600184246890833,CXRI11,1,4288.3150898373,1757,,1.20,,2026-02-13,2026-02-13 20:07:10.248417
380,CXTL11,0.6166,0.2000,0.2500,0.2500,0.8200,0.8200,0.4858,5.8300,-11.0564,-10.8785,-10.8785,306.9800,0.2500,2026,0.0386,414.6200,-15.2972,22222221.1500,-28.9578,-15.2645,0.2920,0.2920,1.0689,0.1782,4.0844,0.3404,Imóveis Industriais e Logísticos,imoveis-industriais-e-logisticos,339.5,5922.57,22222221.15,0.8185,0.8188220539288987,CXTL11,1,5529.946748238,585,,0.35,,2026-02-13,2026-02-13 20:07:10.248417
257,CYCR11,0.1060,1.1400,1.1933,3.5800,1.2267,7.3600,1.2892,15.4700,4.9718,10.9528,6.1684,9.2900,2.3400,2026,1.1253,9.4200,-1.2579,344222322.4000,-89.2319,-0.1468,3.3951,1.1317,6.9055,1.1509,13.5918,1.1326,Indefinido,indefinido,9.08,609185.52,344222322.4,0.9628,0.9639065817409767,CYCR11,14,1244.4377299049,17578,,0.95,20,2026-02-13,2026-02-13 20:07:10.248417
3367,DAMA11,0.0753,0.9900,1.0133,3.0400,1.1200,6.7200,1.1750,14.1000,3.5422,6.0359,4.5673,7.6000,1.9800,2026,,,,,,,,,,,,,Misto,misto,7.66,4269,46614168.47,0.9086,,DAMA11,14,5497.0953875189,850,0.60,0.20,25,2026-02-13,2026-02-13 20:07:10.248417
198,DAMT11B,0.5825,0.0000,0.0000,0.0000,0.5833,3.5000,0.2917,3.5000,0.0000,,0.0000,,0.0000,2026,,,,,,,,,,,,,Shoppings,shoppings,11.45,23,254655378.68,0.7996,,DAMT11B,2,11.754541182071,541,,,,2026-02-13,2026-02-13 20:07:10.248417
6160,DAYM11,0.0350,0.9100,0.8433,2.5300,0.7033,4.2200,0.3517,4.2200,-12.1005,-11.3006,-11.3006,3.8500,0.9100,2026,,,,,,,,,,,,,Lajes Corporativas,lajes-corporativas,4.12,10991.87,169980327.08,0.4215,,DAYM11,6,4254.71791092,856,,1.20,20,2026-02-13,2026-02-13 20:07:10.248417
465,DCRA11,0.0900,1.1800,1.3133,3.9400,1.3033,7.8200,1.3125,15.7500,2.9810,10.5419,4.1962,7.6000,2.6700,2026,0.9202,9.7800,0.0000,65905390.5900,0.0000,0.0000,2.7663,0.9221,5.5348,0.9225,10.2213,1.0221,Indefinido,indefinido,7.5,94432.13,65905390.59,0.7587,0.7668711656441718,DCRA11,0,1621.592298401,15095,0.87,0.17,10,2026-02-13,2026-02-13 20:07:10.248417
412,DEVA11,0.3000,1.1800,1.4667,4.4000,1.3817,8.2900,1.4292,17.1500,-5.0822,2.8090,-3.9622,25.4000,2.6700,2026,0.4486,98.0800,-3.1787,1377513358.5100,16.6190,-2.7443,1.1473,0.3824,2.3059,0.3843,5.0003,0.4167,Papéis,papeis,24.91,1127908.13,1377513358.51,0.2497,0.2539763458401305,DEVA11,14,2124.797542686,80230,1,0.20,10,2026-02-13,2026-02-13 20:07:10.248417
7701,DIVS11,1.2000,1.1500,1.1767,3.5300,1.1800,7.0800,0.7933,9.5200,4.1149,6.2908,5.3122,104.7500,2.3400,2026,,,,,,,,,,,,,FI-Infra,fi-infra,103.93,793608.52,0,0,,DIVS11,,746.29945404298,0,,1,,2026-02-13,2026-02-13 20:07:10.248417
159,DLMT11,0.0016,0.0000,0.0000,0.0000,0.0000,0.0000,0.0000,0.0000,0.0000,,0.0000,,0.0000,2026,,,,,,,,,,,,,Varejo,varejo,0,,6801386.29,0,,DLMT11,2,,9,,,,2026-02-13,2026-02-13 20:07:10.248417
74,DPRO11,0.0600,0.9400,0.9433,2.8300,0.9683,5.8100,0.9842,11.8100,0.6319,1.4213,1.5779,6.3700,1.8900,2026,,,,,,,,,,,,,Indefinido,indefinido,6.12,972.91,45757275.31,0.671,,DPRO11,1,4721.606331062,742,0.92,0.13,,2026-02-13,2026-02-13 20:07:10.248417
296,DRIT11B,0.5300,0.6300,0.6467,1.9400,0.5417,3.2500,1.1650,13.9800,17.6953,16.7581,18.4368,84.6700,1.9400,2025,0.4596,130.5600,-1.3599,60485010.4100,7.4571,-0.9066,1.2352,0.4117,2.4650,0.4108,9.6988,0.8082,Lajes Corporativas,lajes-corporativas,83.3,1547,60485010.41,0.6167,0.6380208333333333,DRIT11B,4,29.849726723528,348,,0.5,15,2026-02-13,2026-02-13 20:07:10.248417
450,DVFF11,0.0650,1.1000,1.1233,3.3700,1.1167,6.7000,1.1158,13.3900,-1.3378,1.9373,-0.2525,5.9000,2.2700,2026,0.7446,8.7300,-90.4171,96130695.0600,-89.4603,-90.3458,2.2678,0.7559,4.5903,0.7650,9.5179,0.7932,Fundo de Fundos,fundo-de-fundos,5.8,107567.04,96130695.06,0.6804,0.6643757159221076,DVFF11,14,3025.7638413086,1994,0.65,0.15,20,2026-02-13,2026-02-13 20:07:10.248417
303,EDFO11B,0.4923,0.4200,0.8167,2.4500,0.8833,5.3000,0.9908,11.8900,-0.2208,-17.9314,0.1983,117.5000,3.5900,2025,0.6016,210.4700,9.6883,49670858.8500,20.1556,10.3482,2.0135,0.6712,4.1821,0.6970,8.9779,0.7482,Lajes Corporativas,lajes-corporativas,229.98,7938.5,49670858.85,0.5606,1.092697296526821,EDFO11B,1,181.93250260017,490,,,,2026-02-13,2026-02-13 20:07:10.248417
357,EDGA11,0.0625,0.4600,0.6200,0.6200,0.6200,0.6200,0.3417,4.1000,-6.1644,-5.7327,-5.7327,13.7000,0.4600,2026,0.0506,47.0100,-23.3116,179209695.4900,-28.0787,-23.2728,0.4124,0.4124,0.9342,0.9342,1.5574,0.1298,Lajes Corporativas,lajes-corporativas,13.69,10169.78,171694610.08,0.3008,0.2912146351840034,EDGA11,1,3055.0047574732,3750,,0.20,,2026-02-13,2026-02-13 20:07:10.248417
3565,EDGE11,79.2400,7.2000,7.2000,7.2000,7.2000,7.2000,7.2000,7.2000,0.0000,,0.0000,1100.0000,7.2000,2026,,,,,,,,,,,,,Papéis,papeis,1071.8,1071,13821543.99,0.9251,,EDGE11,14,2447.4279805676,126,,,,2026-02-13,2026-02-13 20:07:10.248417
467,EGAF11,1.4400,1.4300,1.4567,4.3700,1.5467,9.2800,1.5858,19.0300,5.1044,10.3437,6.6074,100.6900,2.9900,2026,1.3256,98.0700,0.0000,307131696.7400,0.0000,0.0000,2.8181,0.9394,5.8461,0.9743,13.6726,1.1394,Indefinido,indefinido,98.25,916430.52,307131696.74,0.9904,1.0018354236769655,EGAF11,0,890.8807024168,11886,,1.2,10,2026-02-13,2026-02-13 20:07:10.248417
6173,EIRA11,1.2400,1.1900,0.8067,2.4200,0.4033,2.4200,0.3457,2.4200,0.0958,1.2869,1.2869,104.5000,2.4200,2026,,,,,,,,,,,,,Outros,outros,103.26,10101.58,20901127.19,0.9905,,EIRA11,,2536.2942829691,122,,,,2026-02-13,2026-02-13 20:07:10.248417
3369,EMET11,0.1000,1.0100,1.8933,5.6800,1.3417,8.0500,1.5233,9.1400,-1.0000,-5.9146,-0.0001,9.9000,4.4100,2026,,,,,,,,,,,,,Misto,misto,9.75,4947.61,49063293.2,0.9857,,EMET11,14,6917.2420222628,167,,,,2026-02-13,2026-02-13 20:07:10.248417
3000,ENDD11,5.4189,4.8000,1.6000,4.8000,0.8000,4.8000,0.8133,9.7600,9.2706,32.2183,14.5155,112.8000,9.7600,2025,,,,,,,,,,,,,Indefinido,indefinido,113.5,286188.57,0,0,,ENDD11,,1682.5345273655,0,,0.30,,2026-02-13,2026-02-13 20:07:10.248417
530,EQIA11,0.4503,,,,,,,,,,,,,2021,,,,,,,,,,,,,Fiagro,fiagro,0,,0,0,,EQIA11,,,0,,,,2026-02-13,2026-02-13 20:07:10.248417
50,EQIR11,0.1000,1.1600,1.2400,3.7200,1.2767,7.6600,1.3458,16.1500,9.2405,10.5077,10.5077,8.6300,1.1600,2026,1.0406,9.6100,-1.5369,104817507.6900,-89.5633,-0.5123,3.1304,1.0435,6.3352,1.0559,12.6474,1.0539,Indefinido,indefinido,8.59,143996.87,104817507.69,0.8907,0.8938605619146722,EQIR11,14,1001.5827904564,9794,,1,,2026-02-13,2026-02-13 20:07:10.248417
330,ERCR11,650.5609,0.0000,0.0000,0.0000,0.0000,0.0000,0.9300,0.9300,0.0000,,0.0000,,0.0000,2026,3.8136,14305.5300,-78.4976,33989943.7900,-76.3192,-77.6776,8.5301,2.8434,31.3491,5.2249,58.8283,4.9024,Varejo,varejo,15707.85,,33989943.79,1.098,1.098026427542356,ERCR11,14,4.063390351561,9,,0.10,,2026-02-13,2026-02-13 20:07:10.248417
394,ERPA11,0.9300,0.7300,0.7300,0.7300,0.7300,0.7300,0.3575,4.2900,0.0000,,0.0000,127.0000,0.7300,2026,0.5617,165.5800,20.7996,82941209.5100,49.4442,21.4781,1.7283,0.5761,3.4966,0.5828,6.8205,0.5684,Lajes Corporativas,lajes-corporativas,126.98,18291.58,82941209.51,0.7669,0.7668800579780166,ERPA11,2,3513.4298426602,741,,,,2026-02-13,2026-02-13 20:07:10.248417
3004,ESUD11,72.9256,23.0800,0.0000,0.0000,0.0000,0.0000,0.0000,0.0000,0.0000,,0.0000,315.9900,23.0800,2025,,,,,,,,,,,,,Indefinido,indefinido,243,48600,0,0,,ESUD11,,4694.2374144355,0,,,,2026-02-13,2026-02-13 20:07:10.248417
3009,ESUT11,67.4877,210.9000,0.0000,0.0000,0.0000,0.0000,0.0000,0.0000,0.0000,,0.0000,32.0000,210.9000,2025,,,,,,,,,,,,,Indefinido,indefinido,1,20,0,0,,ESUT11,,19072.265625,0,,0.35,,2026-02-13,2026-02-13 20:07:10.248417
3002,ESUU11,63.8380,199.4900,0.0000,0.0000,0.0000,0.0000,0.0000,0.0000,0.0000,,0.0000,32.0000,199.4900,2025,,,,,,,,,,,,,Indefinido,indefinido,1,20,0,0,,ESUU11,,19072.265625,0,,,,2026-02-13,2026-02-13 20:07:10.248417
249,EURO11,2.0800,0.6300,0.6700,2.0100,0.7267,4.3600,0.8017,9.6200,10.3000,10.6798,10.9949,330.9000,1.3200,2026,0.5231,397.6000,22.4402,152651058.7900,37.1104,23.0807,1.6852,0.5617,3.4969,0.5828,7.0127,0.5844,Imóveis Industriais e Logísticos,imoveis-industriais-e-logisticos,320.06,37028.78,152651217.53,0.8247,0.8049798792756538,EURO11,7,3250.1719857654,1995,,,,2026-02-13,2026-02-13 20:07:10.248417
75,EXES11,0.1300,1.3700,1.3700,4.1100,1.3800,8.2800,1.4517,17.4200,0.0000,1.3700,1.3700,9.4900,1.3700,2026,,,,,,,,,,,,,Indefinido,indefinido,9.49,148339.17,138719067.59,0.9573,,EXES11,14,1306.7881696077,1569,,1,,2026-02-13,2026-02-13 20:07:10.248417
358,FAED11,1.7561,1.0700,1.1033,3.3100,1.1200,6.7200,1.1950,14.3400,5.1792,12.5117,6.3046,163.4800,2.1900,2026,0.7464,222.4000,2.1918,153986723.6800,9.5709,2.9546,2.2421,0.7474,4.5240,0.7540,8.9368,0.7447,Educacional,educacional,163,76715.22,153986723.68,0.7194,0.7329136690647482,FAED11,4,1671.37447306,4004,,,,2026-02-13,2026-02-13 20:07:10.248417
260,FAMB11B,1001.6086,0.0000,0.0000,0.0000,0.0000,0.0000,0.0000,0.0000,0.0000,,0.0000,,0.0000,2025,0.2549,3593.2641,0.5329,376574076.5000,12.8199,0.7891,1.6973,0.5658,4.2585,0.7098,9.3869,0.7822,Lajes Corporativas,lajes-corporativas,609.99,47041.93,424524340.32,0.1761,0.169759300464444,FAMB11B,1,47.009538103694,2173,,2.5,,2026-02-13,2026-02-13 20:07:10.248417
2762,FAOE11,11.1609,0.0000,0.0000,0.0000,0.0000,0.0000,0.0000,0.0000,0.0000,,0.0000,,0.0000,2024,,,,,,,,,,,,,Indefinido,indefinido,926.9,,118155565.38,14.5259,,FAOE11,3,,8102,,,,2026-02-13,2026-02-13 20:07:10.248417
264,FATN11,0.8000,0.9000,0.9200,2.7600,0.9383,5.6300,1.0192,12.2300,2.8488,5.2167,3.7745,88.4500,1.8300,2026,0.8319,96.1700,-2.8684,515784317.2800,3.2828,-2.0604,2.4554,0.8185,4.8941,0.8157,9.8194,0.8183,Lajes Corporativas,lajes-corporativas,87.2,1711947,515784317.28,0.9098,0.9067276697514818,FATN11,54,946.51105373872,24463,,0.8,,2026-02-13,2026-02-13 20:07:10.248417
326,FCFL11,0.9458,0.7600,0.7433,2.2300,0.7367,4.4200,0.7608,9.1300,-0.6845,0.0702,0.0702,124.7700,0.7600,2026,0.7384,124.5900,7.2480,432812166.5000,27.3599,8.0399,2.2310,0.7437,4.4252,0.7375,8.7089,0.7257,Educacional,educacional,126.6,93485.26,432812166.5,1.0177,1.016132915964363,FCFL11,1,1641.2797883141,2948,,0.30,,2026-02-13,2026-02-13 20:07:10.248417
470,FGAA11,0.1200,1.2800,1.3100,3.9300,1.3517,8.1100,1.2883,15.4600,1.5184,7.7783,2.8179,9.3600,2.5800,2026,1.2739,9.4200,0.0000,424313858.4200,0.0000,0.0000,3.8230,1.2743,6.3769,1.0628,12.1704,1.0142,Indefinido,indefinido,9.11,1234723.57,424313858.42,0.966,0.9670912951167727,FGAA11,0,976.27953642403,51156,,1.15,10,2026-02-13,2026-02-13 20:07:10.248417
286,FIGS11,0.4800,0.9700,0.9967,2.9900,1.0083,6.0500,1.0317,12.3800,5.6572,5.5699,6.6820,49.6800,1.9900,2026,0.6822,70.3600,-8.0021,200539154.8900,-25.4855,-7.3745,1.9450,0.6483,3.8343,0.6391,7.3269,0.6106,Shoppings,shoppings,50.09,324491.22,199936533.7,0.6907,0.7119101762364981,FIGS11,2,1317.4327070702,11631,,0.50,,2026-02-13,2026-02-13 20:07:10.248417
265,FIIB11,3.1000,0.6500,0.7133,2.1400,0.7200,4.3200,0.7550,9.0600,0.0000,0.1504,0.6500,479.0000,1.4000,2026,0.6058,590.9500,28.0526,404801667.5900,41.6592,28.8284,2.1086,0.7029,4.4526,0.7421,9.2802,0.7734,Imóveis Industriais e Logísticos,imoveis-industriais-e-logisticos,476.08,429898.74,403833488.36,0.8038,0.8056180725949741,FIIB11,9,1110.0432609456,14875,,,,2026-02-13,2026-02-13 20:07:10.248417
6182,FIIP11,1.4000,0.9400,0.8733,2.6200,0.9017,5.4100,0.9317,11.1800,-5.8227,-12.7895,-4.9374,149.4500,1.8200,2026,,,,,,,,,,,,,Imóveis Industriais e Logísticos,imoveis-industriais-e-logisticos,151.59,434439.43,184972951.36,0.7544,,FIIP11,7,2716.1296787402,6000,,,,2026-02-13,2026-02-13 20:07:10.248417
364,FIIP11B,1.4000,0.9600,0.9833,2.9500,0.9867,5.9200,0.9075,10.8900,-1.7832,6.8105,-0.8403,146.5100,4.0300,2025,0.7041,198.8400,6.8056,184360354.7200,8.4593,7.5576,2.1141,0.7047,4.2533,0.7089,8.5188,0.7099,Imóveis Industriais e Logísticos,imoveis-industriais-e-logisticos,161.37,1172.8,184360354.72,0.7307,0.8115570307785154,FIIP11B,7,11.961126885575,6586,,,,2026-02-13,2026-02-13 20:07:10.248417
219,FISC11,0.5600,0.8300,0.8300,0.8300,0.3550,2.1300,0.4367,5.2400,0.0000,,0.0000,67.4000,0.8300,2026,0.2701,111.0700,-3.4678,188816790.9000,-2.7278,-3.2070,1.1319,0.3773,2.4689,0.4115,5.0429,0.4202,Lajes Corporativas,lajes-corporativas,67,1410.07,188816790.9,0.5897,0.6032231925812551,FISC11,5,8303.726443971,226,,,,2026-02-13,2026-02-13 20:07:10.248417
136,FLCR11,1.1000,1.1400,1.1433,3.4300,1.1217,6.7300,1.2050,14.4600,0.7091,3.0659,1.8572,96.5800,2.3900,2026,1.2685,94.6000,-3.8813,71122415.8600,7.0465,-2.6621,3.3793,1.1264,6.7187,1.1198,14.1831,1.1819,Papéis,papeis,94.99,161405.43,71122415.86,1.0026,1.004122621564482,FLCR11,1,1349.0637704219,2802,,1,20,2026-02-13,2026-02-13 20:07:10.248417
2849,FLFL11,0.1800,0.0000,0.0000,0.0000,0.0000,0.0000,0.0000,0.0000,0.0000,,0.0000,,0.0000,2024,,,,,,,,,,,,,Fundo de Desenvolvimento,fundo-de-desenvolvimento,0,,475443929.58,0,,FLFL11,1,,1,,,,2026-02-13,2026-02-13 20:07:10.248417
401,FLMA11,1.0300,0.6600,0.7333,2.2000,0.7583,4.5500,0.7892,9.4700,-0.4944,4.1922,0.1624,157.0000,1.4000,2026,0.4676,250.2200,56.1435,345467420.7700,71.2162,56.8736,1.4747,0.4916,2.9330,0.4888,5.6491,0.4708,Lajes Corporativas,lajes-corporativas,161.79,63591.3,345467420.77,0.6299,0.6465909999200703,FLMA11,1,2275.915157882,11230,,0.12,,2026-02-13,2026-02-13 20:07:10.248417
416,FLRP11,0.1500,0.7100,0.7133,2.1400,0.7133,4.2800,0.7850,9.4200,-1.2104,5.3881,-0.5090,21.2200,1.4100,2026,0.7116,21.0800,-98.8460,158716173.2900,-98.7023,-98.8378,2.1426,0.7142,4.9481,0.8247,8.3426,0.6952,Shoppings,shoppings,21.14,14294,159802584.35,0.9957,1.0028462998102468,FLRP11,1,4210.6661399033,1931,,,,2026-02-13,2026-02-13 20:07:10.248417
338,FMOF11,1.4000,3.6900,1.2300,3.6900,18.0683,108.4100,9.6467,115.7600,-6.0614,-2.5950,-2.5950,37.9700,3.6900,2026,65.5968,49.8500,-57.9644,25321999.0300,-32.5629,-30.3904,66.8335,22.2778,68.0062,11.3344,70.4080,5.8673,Lajes Corporativas,lajes-corporativas,38.97,4910.48,23548189.15,0.8438,0.7817452357071213,FMOF11,2,49520.510751691,406,,,,2026-02-13,2026-02-13 20:07:10.248417
49,FPAB11,1.8000,0.8200,1.2267,3.6800,0.7217,4.3300,0.6550,7.8600,3.5276,8.5393,4.3765,218.3500,2.9100,2026,0.4435,360.7800,-3.7971,270588315.4200,-7.3011,-3.3705,1.2667,0.4222,2.4000,0.4000,4.6776,0.3898,Lajes Corporativas,lajes-corporativas,220,5580.18,270588315.42,0.6088,0.6097898996618438,FPAB11,3,7270.3703207726,680,,,,2026-02-13,2026-02-13 20:07:10.248417
3025,FPOR11,0.1532,0.0000,0.0000,0.0000,0.0000,0.0000,0.1800,0.1800,0.0000,,0.0000,,0.1800,2025,,,,,,,,,,,,,FIP-IE,fip-ie,23.5,41,0,0,,FPOR11,,28433.030009262,0,,,,2026-02-13,2026-02-13 20:07:10.248417
82,FRHY11,1.0300,0.0000,0.0000,0.0000,0.0000,0.0000,0.0000,0.0000,0.0000,,0.0000,,0.0000,2023,,,,,,,,,,,,,Indefinido,indefinido,0,,1078428.51,0,,FRHY11,14,,7,,,,2026-02-13,2026-02-13 20:07:10.248417
493,FTCA11,0.1300,0.0000,0.0000,0.0000,0.0000,0.0000,0.0000,0.0000,0.0000,,0.0000,,0.0000,2026,1.3233,10.5800,0.0000,47188496.9100,0.0000,0.0000,3.7715,1.2572,7.3519,1.2253,10.6465,1.3308,Indefinido,indefinido,9.67,111024.65,47188496.91,0.9045,0.9139886578449905,FTCA11,0,1654.6607365226,7630,1.10,,,2026-02-13,2026-02-13 20:07:10.248417
54,FVPQ11,0.4000,0.5600,0.4933,1.4800,0.4633,2.7800,0.8225,9.8700,-9.6215,-9.1154,-9.1154,71.3900,0.5600,2026,0.5398,92.6200,-51.8282,259358627.2000,-50.7630,-51.5681,0.6968,0.6968,1.7451,0.2909,3.8106,0.3176,Shoppings,shoppings,66.41,132744.61,262606163.61,0.728,0.717015763334053,FVPQ11,1,3144.4252259244,3639,,0.12,,2026-02-13,2026-02-13 20:07:10.248417
4881,FYTO11,0.1070,1.2200,1.2800,3.8400,1.2833,7.7000,1.3158,15.7900,0.2286,10.8365,1.4514,8.7700,2.4800,2026,,,,,,,,,,,,,Papéis,papeis,8.73,181959.7,150854781.12,0.8815,,FYTO11,,1694.8821552217,10547,,1.10,,2026-02-13,2026-02-13 20:07:10.248417
472,FZDA11,4.1068,3.4000,0.0000,0.0000,0.0000,0.0000,1.7000,3.4000,-0.6904,2.6861,2.6861,120.8300,3.4000,2025,2.3663,173.5500,0.0000,269009449.7600,0.0000,0.0000,5.0510,2.5255,5.0510,2.5255,5.0510,2.5255,Indefinido,indefinido,122.61,4768.95,281257580.25,0.6558,0.7064822817631806,FZDA11,0,6693.6003220373,290,0.70,0.12,15,2026-02-13,2026-02-13 20:07:10.248417
2474,FZDB11,4.2132,3.3200,0.0000,0.0000,0.0000,0.0000,3.3200,3.3200,21.4258,25.4572,25.4572,126.8900,3.3200,2025,2.4941,168.9300,0.0000,608151488.1400,0.0000,0.0000,6.4085,6.4085,6.4085,6.4085,6.4085,6.4085,Indefinido,indefinido,144.2,144,641217905.57,0.8096,0.8536080033149824,FZDB11,,4257.992710827,118,0.70,0.12,15,2026-02-13,2026-02-13 20:07:10.248417
152,GAME11,0.1000,1.0900,1.0667,3.2000,1.1033,6.6200,1.1517,13.8200,-1.1879,5.9525,-0.1109,9.1500,2.1200,2026,0.9845,9.6500,-1.9309,235062877.9000,-98.8426,-0.9654,2.9668,0.9889,6.0192,1.0032,12.0734,1.0061,Indefinido,indefinido,9.05,120510.09,235062877.9,0.9482,0.9378238341968912,GAME11,14,1167.3924276678,21438,,1.10,20,2026-02-13,2026-02-13 20:07:10.248417
3317,GARE11,0.0830,0.9400,0.9200,2.7600,0.9267,5.5600,0.9692,11.6300,-2.9801,-3.0925,-2.0681,8.7900,1.8600,2026,,,,,,,,,,,,,Imóveis Industriais e Logísticos,imoveis-industriais-e-logisticos,8.56,16085318.65,2696608836.98,0.9206,,GARE11,4,857.39621436907,446255,,1,20,2026-02-13,2026-02-13 20:07:10.248417
2807,GCOI11,3.0116,0.0000,0.0000,0.0000,0.0000,0.0000,0.0000,0.0000,0.0000,,0.0000,,0.0000,2026,,,,,,,,,,,,,Indefinido,indefinido,72.87,27690,8656094.83,0.9513,,GCOI11,2,4598.4017584798,384,,,,2026-02-13,2026-02-13 20:07:10.248417
536,GCRA11,0.6800,1.2200,1.2600,3.7800,1.3000,7.8000,1.3492,16.1900,1.0879,11.7891,2.3212,55.7500,2.4500,2026,0.8112,83.8300,-14.4580,146774374.3600,-2.7794,-13.7641,2.3814,0.7938,4.6996,0.7833,9.0906,0.7575,Indefinido,indefinido,54.6,205253.35,146774374.36,0.6516,0.651318143862579,GCRA11,0,1689.7370274092,6989,,1.15,20,2026-02-13,2026-02-13 20:07:10.248417
200,GCRI11,0.8000,1.2100,1.2467,3.7400,1.2917,7.7500,1.4058,16.8700,5.0637,6.3350,6.3350,65.9800,1.2100,2026,0.8734,91.6000,-2.9353,133170216.4400,0.0055,-2.0875,2.6855,0.8952,5.5279,0.9213,11.3479,0.9457,Papéis,papeis,66.89,153893.7,133170216.44,0.7291,0.7302401746724891,GCRI11,14,1584.756173151,4236,,1,20,2026-02-13,2026-02-13 20:07:10.248417
453,GESE11B,1112.7198,0.0000,0.0000,0.0000,0.0000,0.0000,0.0000,0.0000,0.0000,,0.0000,,0.0000,2023,104.3204,1119.0800,-36.8533,58192036.9400,33.1732,29.0216,105.8683,35.2894,108.3632,18.0605,112.8313,9.4026,Educacional,educacional,1520,,118155565.38,23.8207,1.3582585695392644,GESE11B,14,,8102,,0.18,,2026-02-13,2026-02-13 20:07:10.248417
6195,GFDL11,0.1600,0.1500,0.0000,0.0000,0.0000,0.0000,0.1500,0.1500,0.0000,,0.0000,104.4100,0.1500,2025,,,,,,,,,,,,,Logística,logistica,110.93,12323.4,25100255.39,1.1263,,GFDL11,,98.626583215902,1762,,,,2026-02-13,2026-02-13 20:07:10.248417
144,GGRC11,0.1000,1.0000,1.0033,3.0100,1.0133,6.0800,1.0500,12.6000,1.2085,2.8387,2.2205,10.0500,2.0100,2026,0.8913,11.2200,-90.9785,2403988581.3300,-90.6557,-90.8981,2.6747,0.8916,5.4414,0.9069,10.6993,0.8916,Imóveis Industriais e Logísticos,imoveis-industriais-e-logisticos,10.02,9996373.57,2400934581.34,0.893,0.8930481283422459,GGRC11,40,907.52043491138,290631,1.10,,,2026-02-13,2026-02-13 20:07:10.248417
6201,GLCR11,0.9000,0.0000,0.9000,0.9000,0.9000,0.9000,0.4125,3.3000,0.0000,,0.0000,,0.0000,2026,,,,,,,,,,,,,Papéis,papeis,100.89,7396.69,36528580.97,0.9981,,GLCR11,,2037.1754670112,832,,,,2026-02-13,2026-02-13 20:07:10.248417
2787,GLOG11,0.4100,0.6100,0.6200,1.8600,0.6200,3.7200,0.6833,8.2000,2.6892,4.5917,3.3156,67.5900,1.2300,2026,,,,,,,,,,,,,Imóveis Industriais e Logísticos,imoveis-industriais-e-logisticos,68.14,45959,81622819.25,0.6432,,GLOG11,1,2618.7887283868,1714,,0.7,,2026-02-13,2026-02-13 20:07:10.248417
6207,GLPF11,0.9085,0.8500,0.8267,2.4800,0.5333,3.2000,0.7727,8.5000,0.1880,2.5542,1.0395,106.6100,1.7100,2026,,,,,,,,,,,,,Logística,logistica,105.57,39083.77,153821916.1,1.0402,,GLPF11,,3705.1612478302,2445,,,,2026-02-13,2026-02-13 20:07:10.248417
3577,GRUL11,0.0800,0.8700,0.9067,2.7200,0.9533,5.7200,1.1958,14.3500,0.7701,13.3942,1.6468,9.1600,1.7500,2026,,,,,,,,,,,,,Logística,logistica,8.98,297977.17,236005332.99,0.9489,,GRUL11,3,2524.3344555544,4952,1,0.15,,2026-02-13,2026-02-13 20:07:10.248417
2565,GRWA11,0.1000,1.2200,1.2100,3.6300,1.1050,6.6300,1.0058,12.0700,-0.3641,12.2926,0.8515,8.2100,2.4300,2026,0.8763,10.2700,0.0000,28317495.9900,0.0000,0.0000,2.4535,0.8178,4.2440,0.7073,9.4462,0.7872,Indefinido,indefinido,7.65,13386.78,28317495.99,0.7936,0.7448880233690361,GRWA11,,3094.0603256388,2077,,1.15,10,2026-02-13,2026-02-13 20:07:10.248417
322,GSFI11,0.0007,0.0276,0.0092,0.0276,0.0046,0.0276,0.0023,0.0276,0.0000,0.0276,0.0276,2.5100,0.0276,2020,0.0058,11.9008,0.0111,814995674.0300,0.0170,0.0170,,,,,,,Shoppings,shoppings,10.94,15488450.74,1304609949.64,0.8062,0.9192659317020704,GSFI11,9,1039.8883172482,6273,,1,,2026-02-13,2026-02-13 20:07:10.248417
131,GTLG11,60.6178,0.0000,0.0000,0.0000,0.0000,0.0000,0.0000,0.0000,0.0000,,0.0000,,37.5900,2023,99.9964,60.6200,-35.8315,434811690.7000,35.2242,28.3347,134.9748,44.9916,137.2568,22.8761,141.7348,11.8112,Imóveis Industriais e Logísticos,imoveis-industriais-e-logisticos,63.99,22885.25,118155565.38,1.0028,1.0555922137908282,GTLG11,1,34.612044456026,8102,,,,2026-02-13,2026-02-13 20:07:10.248417
454,GTWR11,0.9000,1.0700,1.1033,3.3100,1.1483,6.8900,1.2017,14.4200,1.1928,10.1907,2.2755,83.9900,2.1500,2026,0.8874,101.4200,7.0961,1216981053.0300,13.7459,8.0465,2.6625,0.8875,5.3691,0.8948,10.4429,0.8702,Lajes Corporativas,lajes-corporativas,83.35,934741.48,1216981053.03,0.8199,0.8218300138039834,GTWR11,3,1018.533939444,33833,,0.25,,2026-02-13,2026-02-13 20:07:10.248417
2788,GURB11,0.7000,0.6500,0.0000,0.0000,0.0000,0.0000,0.0000,0.0000,0.0000,,0.0000,108.0000,0.6500,2024,,,,,,,,,,,,,Indefinido,indefinido,108,5000076,144584994.58,0.8471,,GURB11,2,1.171764507553,1,,,,2026-02-13,2026-02-13 20:07:10.248417
87,GZIT11,0.7800,1.6100,1.6667,5.0000,1.7433,10.4600,1.8133,21.7600,3.8914,5.5640,5.5640,48.5900,1.6100,2026,,,,,,,,,,,,,Indefinido,indefinido,49.48,812053.52,1989217119.09,0.5396,,GZIT11,6,2020.1942294778,7296,,0.96,20,2026-02-13,2026-02-13 20:07:10.248417
162,HABT11,0.9500,1.2000,1.2600,3.7800,1.2883,7.7300,1.3717,16.4600,3.6780,14.1895,4.9221,79.2100,2.4400,2026,0.9981,95.1800,-4.6101,773516933.1600,12.7985,-3.6580,2.9990,0.9997,6.4355,1.0726,13.3776,1.1148,Papéis,papeis,76.35,1290779.57,773516933.16,0.7948,0.8021643202353435,HABT11,14,1252.3681965879,56849,1.26,,20,2026-02-13,2026-02-13 20:07:10.248417
325,HBCR11,0.5400,0.0000,0.0000,0.0000,1.1183,6.7100,0.9775,11.7300,0.0000,,0.0000,,15.1000,2025,,,,,,,,,,,,,Indefinido,indefinido,138,32197.35,186913394.77,1.1813,,HBCR11,3,7910.8485324092,38,,0.18,20,2026-02-13,2026-02-13 20:07:10.248417
360,HBRH11,0.5000,0.5500,0.5500,1.6500,1.1417,6.8500,0.7683,9.2200,1.0045,2.4597,1.5601,91.5000,9.2200,2024,0.4455,112.2300,-0.8569,316852348.3100,7.5973,-0.4152,0.9352,0.9352,5.6316,0.9386,8.0635,0.6720,Lajes Corporativas,lajes-corporativas,90.8,14627,316852348.31,0.8009,0.8090528379221241,HBRH11,5,13.976304501315,720,,0.86,,2026-02-13,2026-02-13 20:07:10.248417
331,HCHG11,0.7000,0.8700,0.7633,2.2900,0.8000,4.8000,0.9650,11.5800,2.3375,3.2278,3.2278,80.1200,0.8700,2026,1.1573,95.9100,-5.1523,115089930.7700,10.8029,-4.0546,2.4875,0.8292,4.8786,0.8131,10.5171,0.8764,Papéis,papeis,82,70550.89,115089930.77,0.8352,0.8549681993535606,HCHG11,14,3134.3192717391,569,0.70,0.20,,2026-02-13,2026-02-13 20:07:10.248417
2612,HCRA11,14.8500,145.3000,0.0000,0.0000,0.0000,0.0000,12.8575,154.2900,2.2000,11.1664,150.6966,10.2200,233.9400,2025,0.0000,0.0000,0.0000,0.0000,0.0000,0.0000,0.0000,0.0000,0.0000,0.0000,0.0000,0.0000,Indefinido,indefinido,10.22,0.83,55502822.23,0.1306,,HCRA11,,5569.6759703215,100,,1.20,,2026-02-13,2026-02-13 20:07:10.248417
212,HCRI11,3.3184,1.0600,3.4767,10.4300,2.2900,13.7400,1.7742,21.2900,9.5328,10.6938,10.6938,314.1400,1.0600,2026,0.9884,276.2100,-10.3098,55242140.9600,-3.0664,-9.4233,8.4345,2.8115,10.9865,1.8311,15.7891,1.3158,Hospitalar,hospitalar,307.39,36451,55242140.96,1.1195,1.112885123637812,HCRI11,1,3755.0959648936,2970,,2,,2026-02-13,2026-02-13 20:07:10.248417
355,HCTR11,0.2700,1.2600,1.4967,4.4900,1.4167,8.5000,1.4758,17.7100,-1.6077,5.6889,-0.3680,21.4200,3.1000,2026,0.2743,105.7400,-12.8852,2336448804.3700,2.9906,-12.6462,0.8270,0.8270,1.7661,0.2943,3.8938,0.3245,Papéis,papeis,21.6,1277003.35,2336448804.37,0.2026,0.20427463589937586,HCTR11,14,1969.6944174553,130689,0.99,0.21,10,2026-02-13,2026-02-13 20:07:10.248417
89,HDEL11,15.3000,0.0000,0.0000,0.0000,0.0000,0.0000,0.0000,0.0000,0.0000,,0.0000,,0.0000,9999,,,,,,,,,,,,,Imóveis Industriais e Logísticos,imoveis-industriais-e-logisticos,101.8,11370.29,75330409.11,1.0844,,HDEL11,1,11802.726481524,108,,1.5,20,2026-02-13,2026-02-13 20:07:10.248417
274,HFOF11,0.0600,0.8600,0.8600,2.5800,0.9000,5.4000,0.9658,11.5900,5.5807,12.1182,6.4887,7.0000,1.7000,2026,0.7161,7.8200,-90.3314,1767429762.0700,-89.8581,-90.2621,2.1783,0.7261,4.4616,0.7436,8.6240,0.7187,Fundo de Fundos,fundo-de-fundos,6.82,2751059.43,1797051961.82,0.8657,0.8721227621483376,HFOF11,14,1268.8612692525,96722,,0.6,20,2026-02-13,2026-02-13 20:07:10.248417
476,HGAG11,0.1500,0.9400,0.8333,2.5000,0.6367,3.8200,1.3600,16.3200,-8.6335,2.9067,-7.7747,15.9800,1.7400,2026,0.4219,23.7000,0.0000,5883344.8400,0.0000,0.0000,1.1851,0.3950,7.1936,1.1989,10.5374,0.8781,Indefinido,indefinido,12.35,357.94,5883344.84,0.5485,0.5210970464135021,HGAG11,0,14504.757613217,1013,1,,20,2026-02-13,2026-02-13 20:07:10.248417
3375,HGBL11,0.0720,0.7800,0.8167,2.4500,0.8250,4.9500,0.8633,10.3600,-2.5424,1.1273,-1.7822,9.2000,1.6700,2026,,,,,,,,,,,,,Misto,misto,9.22,296467.91,245881817.07,0.9884,,HGBL11,1,1424.6957274319,4599,0.5,0.1,,2026-02-13,2026-02-13 20:07:10.248417
374,HGBS11,0.1600,0.8000,0.7667,2.3000,0.7667,4.6000,0.8167,9.8000,0.0000,1.5560,0.8000,20.0000,1.5500,2026,0.7229,20.7500,-90.6498,2679452110.6900,-89.5732,-90.5822,2.1511,0.7170,4.2783,0.7130,8.0636,0.6720,Shoppings,shoppings,20.08,4249209.52,2668558839.35,0.9643,0.9677108433734939,HGBS11,17,1150.0263095434,149239,,0.60,,2026-02-13,2026-02-13 20:07:10.248417
231,HGCR11,0.9500,0.9600,1.0167,3.0500,1.0683,6.4100,1.1217,13.4600,0.8673,8.0213,1.8356,98.8600,1.9800,2026,1.0163,98.4000,-2.5357,1517166398.0500,11.9554,-1.5452,3.1211,1.0404,6.3769,1.0628,12.7889,1.0657,Papéis,papeis,95.87,3850742.87,1517166398.05,0.9715,0.9742886178861788,HGCR11,14,983.87518618733,100257,,0.8,20,2026-02-13,2026-02-13 20:07:10.248417
437,HGIC11,0.5858,0.8400,1.0867,3.2600,1.1550,6.9300,1.1517,13.8200,6.2727,8.4621,7.1654,70.1400,2.0500,2026,0.7237,110.5400,-3.6437,51145797.4100,15.3879,-2.9463,2.1739,0.7246,4.3420,0.7237,8.7043,0.7254,Papéis,papeis,66.6,4546.52,50702131.65,0.6179,0.6024968337253482,HGIC11,2,4915.6049320814,659,1,0.25,20,2026-02-13,2026-02-13 20:07:10.248417
346,HGLG11,1.1000,0.7000,0.6933,2.0800,0.6983,4.1900,0.7175,8.6100,-0.0317,-0.7996,0.6680,157.5000,1.4000,2026,0.6603,166.5800,8.1478,7063626090.2300,26.2047,8.8619,2.0018,0.6673,4.0337,0.6723,8.0905,0.6742,Imóveis Industriais e Logísticos,imoveis-industriais-e-logisticos,156.98,14193568.65,7063626090.23,0.9404,0.9423700324168567,HGLG11,29,878.21711643194,525069,,0.6,,2026-02-13,2026-02-13 20:07:10.248417
306,HGPO11,57.0500,48.2200,0.0000,0.0000,0.0000,0.0000,0.0000,0.0000,5.0528,101.2496,55.7093,118.3000,62.5100,2024,36.6622,155.6100,-48.0208,272797070.8500,-15.3550,-28.9642,38.2812,12.7604,39.7611,6.6268,42.6262,3.5522,Lajes Corporativas,lajes-corporativas,149.66,244544,262306641.7,0.9975,0.9617633828160143,HGPO11,2,1052.5403307717,9171,,,,2026-02-13,2026-02-13 20:07:10.248417
225,HGRE11,0.8500,0.6900,0.8700,2.6100,0.8017,4.8100,0.9250,11.1000,0.0242,5.5592,0.7144,124.0400,1.9000,2026,0.5754,147.7300,-5.8385,1745796942.2700,-5.0019,-5.2967,1.6638,0.5546,4.3918,0.7320,7.6364,0.6364,Lajes Corporativas,lajes-corporativas,123.19,2901032.83,1745796942.27,0.8458,0.8338861436404251,HGRE11,13,1625.4566301345,140628,,1,,2026-02-13,2026-02-13 20:07:10.248417
298,HGRU11,0.9500,0.7400,0.8800,2.6400,0.8233,4.9400,0.8508,10.2100,2.3313,3.5596,3.0885,129.0500,1.8900,2026,0.7341,129.4100,5.3056,3007316899.8600,20.5892,6.0786,2.2154,0.7385,4.9159,0.8193,9.9743,0.8312,Misto,misto,125.57,6564165.61,3007316899.86,0.9733,0.9703268680936558,HGRU11,102,1043.3477025798,227764,,0.7,20,2026-02-13,2026-02-13 20:07:10.248417
2789,HILG11,13.1424,0.0000,0.0000,0.0000,0.0000,0.0000,0.1825,2.1900,0.0000,,0.0000,,0.0000,2026,,,,,,,,,,,,,Indefinido,indefinido,184.96,186.67,138480323.53,0.6484,,HILG11,1,1430.753737539,104,,,,2026-02-13,2026-02-13 20:07:10.248417
254,HLOG11,0.0700,0.7500,0.9933,2.9800,0.9000,5.4000,0.8792,10.5500,0.7568,5.2706,1.5124,9.3200,2.2100,2026,0.5863,11.9400,-89.7484,507400634.1300,-88.5677,-89.6883,1.8453,0.6151,3.7016,0.6169,6.4778,0.5398,Imóveis Industriais e Logísticos,imoveis-industriais-e-logisticos,9.24,48100.17,509445289.83,0.7814,0.7738693467336684,HLOG11,3,1187.7211594205,4150,,0.80,,2026-02-13,2026-02-13 20:07:10.248417
1852,HOFC11,0.2100,0.6500,0.0000,0.0000,0.0000,0.0000,0.0000,0.0000,75.7213,67.5913,76.8635,32.2800,2.0100,2024,,,,,,,,,,,,,Lajes Corporativas,lajes-corporativas,32.98,668835.78,217884685.99,0.5419,,HOFC11,2,4171.5982445696,4490,,0.83,,2026-02-13,2026-02-13 20:07:10.248417
129,HOSI11,0.2536,0.3000,0.3000,0.3000,0.4333,2.6000,0.5917,7.1000,0.0000,,0.0000,83.6000,0.3000,2026,0.6555,106.8500,16.0656,61273925.6600,23.5900,16.8264,1.8169,0.6056,4.3675,0.7279,8.5218,0.7101,Imóveis Residenciais,imoveis-residenciais,83.6,8361.14,69477364.3,0.69,0.7824052409920449,HOSI11,14,3621.3843787074,1085,,0.35,20,2026-02-13,2026-02-13 20:07:10.248417
385,HPDP11,0.5600,0.6400,0.6367,1.9100,0.5317,3.1900,0.5375,6.4500,-4.8649,4.6798,-4.2560,88.0000,1.2500,2026,0.5795,96.6400,8.2680,317740938.9300,8.6493,8.8954,1.7892,0.5964,3.6062,0.6010,7.2099,0.6008,Shoppings,shoppings,88.75,905763.14,317997477.13,0.9106,0.9183567880794702,HPDP11,1,3976.8145291165,386,,0.5,,2026-02-13,2026-02-13 20:07:10.248417
172,HRDF11,6.8000,0.0000,0.0000,0.0000,0.0000,0.0000,0.0000,0.0000,0.0000,,0.0000,,0.0000,2019,,,,,,,,,,,,,Fundo de Desenvolvimento,fundo-de-desenvolvimento,3.47,626.29,13205037.58,0.3989,,HRDF11,14,16484.9647025,855,,0.75,,2026-02-13,2026-02-13 20:07:10.248417
341,HREC11,0.0800,0.9600,0.9633,2.8900,0.9883,5.9300,1.0708,12.8500,2.0757,1.5849,3.0556,8.3600,1.9400,2026,0.9029,8.8600,-90.0315,458124302.3300,-88.9282,-89.9415,2.7832,0.9277,5.7821,0.9637,11.8960,0.9913,Papéis,papeis,8.39,205706.35,459058454.12,0.9368,0.9469525959367947,HREC11,14,1499.029241947,2464,,0.80,20,2026-02-13,2026-02-13 20:07:10.248417
2782,HRES11,0.8159,0.0000,0.0000,0.0000,0.0000,0.0000,0.3342,4.0100,0.0000,,0.0000,,0.0000,2026,,,,,,,,,,,,,Imóveis Residenciais,imoveis-residenciais,141.53,2140733,59141811.43,0.9651,,HRES11,14,834.22506469009,137,,,,2026-02-13,2026-02-13 20:07:10.248417
262,HSAF11,0.9500,1.1900,1.1967,3.5900,1.2167,7.3000,1.2517,15.0200,-1.1194,4.4199,0.0573,79.5000,2.3700,2026,1.0684,88.9200,-2.6494,224642053.6400,7.3336,-1.6094,3.2212,1.0737,6.4620,1.0770,13.2445,1.1037,Papéis,papeis,81.15,1964659.39,224642053.64,0.9164,0.9126180836707153,HSAF11,14,1657.1113217838,8662,,1,20,2026-02-13,2026-02-13 20:07:10.248417
125,HSLG11,0.7200,0.7900,0.7867,2.3600,0.8033,4.8200,0.8250,9.9000,-0.6287,1.8317,0.1563,91.6700,1.5700,2026,0.6553,109.8800,4.7075,1391042296.6900,6.8605,5.3936,1.9120,0.6373,3.7089,0.6181,7.5084,0.6257,Imóveis Industriais e Logísticos,imoveis-industriais-e-logisticos,93.92,855067.39,1391042296.69,0.8286,0.8547506370586094,HSLG11,7,1393.6532739396,40337,,0.85,20,2026-02-13,2026-02-13 20:07:10.248417
371,HSML11,0.7000,0.7600,0.7700,2.3100,0.7933,4.7600,0.8108,9.7300,0.0432,6.4710,0.8036,92.5800,1.5200,2026,0.6677,104.8300,7.4298,2236031475.0900,13.8050,8.1472,1.9929,0.6643,3.8963,0.6494,7.6313,0.6359,Shoppings,shoppings,92.95,4139583.96,2236031475.09,0.882,0.8866736621196223,HSML11,14,1343.0649692086,184837,1.05,,20,2026-02-13,2026-02-13 20:07:10.248417
269,HSRE11,0.8500,0.7900,0.8700,2.6100,0.8983,5.3900,0.9025,10.8300,1.4085,7.6686,2.2096,108.0000,1.6800,2026,1.0804,87.9300,-8.4444,782429972.6900,-1.5730,-7.4552,3.1669,1.0556,6.9870,1.1645,11.8546,0.9879,Misto,misto,101.51,31187.7,782429972.69,1.1996,1.1544410326395997,HSRE11,22,2408.7459333891,407,,0.85,20,2026-02-13,2026-02-13 20:07:10.248417
448,HTMX11,1.0000,0.7000,0.9267,2.7800,0.9683,5.8100,0.9025,10.8300,-4.6082,1.5853,-3.9405,143.6600,1.5300,2026,1.2694,141.8000,1.0331,409534756.9400,18.3939,2.3156,3.4571,1.1524,6.0650,1.0108,12.3905,1.0325,Hotéis,hoteis,137.55,633627.39,435716588.99,0.912,0.9700282087447109,HTMX11,20,1257.1419704964,35503,,0.5,20,2026-02-13,2026-02-13 20:07:10.248417
80,HUCG11,0.7930,0.8300,0.8233,2.4700,0.5483,3.2900,0.2742,3.2900,7.9668,9.7649,8.8629,95.0000,1.6700,2026,,,,,,,,,,,,,Hospitalar,hospitalar,94.63,3192.06,143721908.37,0.7391,,HUCG11,2,7177.4491590402,235,,,,2026-02-13,2026-02-13 20:07:10.248417
156,HUSC11,1.0500,1.0700,0.7133,2.1400,0.9083,5.4500,0.8575,10.2900,-1.9204,-0.8709,-0.8709,98.0600,1.0700,2026,0.7144,149.7700,2.0579,127430260.0300,11.1996,2.7871,2.1818,0.7273,3.9086,0.6514,7.4010,0.6168,Hospitalar,hospitalar,96.01,2440.5,127430260.03,0.641,0.6410496094010817,HUSC11,2,4354.0326875126,752,,0.35,,2026-02-13,2026-02-13 20:07:10.248417
392,HUSI11,8.6845,0.0000,0.0000,0.0000,0.0000,0.0000,0.2392,2.8700,0.0000,,0.0000,,0.0000,2026,0.7341,1250.7700,25.9410,145541572.7500,33.4424,26.8655,2.2072,0.7357,4.3420,0.7237,8.4724,0.7060,Hospitalar,hospitalar,1220,1220,145541572.75,0.9754,0.9753991541210615,HUSI11,14,2418.3650299149,100,,,,2026-02-13,2026-02-13 20:07:10.248417
6227,HYPI11,0.6890,0.0000,0.0000,0.0000,0.0000,0.0000,0.0000,0.0000,0.0000,,0.0000,,0.0000,2026,,,,,,,,,,,,,Outros,outros,180.54,363,3881671.48,65.6509,,HYPI11,2,3040.874279808,109,,,,2026-02-13,2026-02-13 20:07:10.248417
2567,IAAG11,0.1300,1.4600,1.4833,4.4500,1.5383,9.2300,1.5075,18.0900,0.0000,16.5620,1.4600,8.9000,2.9200,2026,1.2195,9.8400,0.0000,102868534.8000,0.0000,0.0000,3.6597,1.2199,7.1218,1.1870,13.2825,1.1069,Indefinido,indefinido,8.8,228002.7,102868534.8,0.8872,0.894308943089431,IAAG11,,1632.1944531595,13272,,1.15,20,2026-02-13,2026-02-13 20:07:10.248417
478,IAGR11,0.0060,0.1500,0.0000,0.0000,0.0000,0.0000,0.6100,0.6100,-3.1785,45.4895,-3.0333,3.9600,1.0300,2025,0.0958,6.2600,0.0000,17527841.0800,0.0000,0.0000,0.2839,0.2839,0.5655,0.5655,1.4353,0.1196,Indefinido,indefinido,4.53,13115.17,17625704.81,0.6968,0.7236421725239617,IAGR11,,2199.8128222796,3475,0.80,0.20,20,2026-02-13,2026-02-13 20:07:10.248417
3579,IBBP11,0.0736,0.8700,0.8867,2.6600,0.9167,5.5000,0.8217,9.8600,-5.5556,-2.4774,-4.7339,8.5000,1.7600,2026,,,,,,,,,,,,,Imóveis Industriais e Logísticos,imoveis-industriais-e-logisticos,8.45,39478.22,512312809.57,0.9004,,IBBP11,22,11487.32267657,867,,,,2026-02-13,2026-02-13 20:07:10.248417
208,IBCR11,0.6000,1.2000,1.3467,4.0400,1.3850,8.3100,1.5008,18.0100,2.1059,3.1221,3.3312,49.9400,2.6300,2026,0.7688,91.0500,-3.0558,87264491.5800,5.9507,-2.3105,2.2611,0.7537,4.8103,0.8017,10.6081,0.8840,Papéis,papeis,50.35,370506.22,87264491.58,0.5485,0.5529928610653487,IBCR11,14,1390.3811534047,3981,0.8,0.2,20,2026-02-13,2026-02-13 20:07:10.248417
3241,ICNE11,15.8946,0.0000,0.0000,0.0000,0.0000,0.0000,0.0000,0.0000,0.0000,,0.0000,,0.0000,2026,,,,,,,,,,,,,Imóveis Residenciais,imoveis-residenciais,769.63,9994415,79623368.87,1.1599,,ICNE11,14,3548.5498035847,6,,,,2026-02-13,2026-02-13 20:07:10.248417
2964,ICRI11,0.9500,1.0000,1.0067,3.0200,1.0267,6.1600,1.1283,13.5400,4.5105,10.3420,5.5556,95.0000,2.0500,2026,,,,,,,,,,,,,Misto,misto,94.41,1261502.96,393195721.4,0.9192,,ICRI11,14,1496.4409714127,10988,,1,,2026-02-13,2026-02-13 20:07:10.248417
81,IDFI11,1.5607,78.0400,0.0000,0.0000,0.0000,0.0000,0.0000,0.0000,-54.3379,44259.4346,-18.7032,2.0000,1043.0400,2024,269.7938,1.6000,-97.1408,3283391.8700,-91.3772,-89.4269,388.0196,129.3399,425.0363,70.8394,471.8044,39.3170,Indefinido,indefinido,2,2592.8,3283391.87,1.25,1.25,IDFI11,1,6.007868687935,617,,,,2026-02-13,2026-02-13 20:07:10.248417
2763,IDGR11,0.0898,5.9900,0.0000,0.0000,0.0000,0.0000,0.0000,0.0000,-50.9804,-48.0441,-48.0441,1.5000,5.9900,2025,,,,,,,,,,,,,Misto,misto,1.5,332.83,79368.95,16.6667,,IDGR11,1,49.497826864469,171,,,,2026-02-13,2026-02-13 20:07:10.248417
3230,IDUA11,5.0408,0.0000,0.0000,0.0000,0.0000,0.0000,0.0000,0.0000,0.0000,,0.0000,,0.0000,2026,,,,,,,,,,,,,Imóveis Comerciais - Outros,imoveis-comerciais-outros,64.42,,24294417,1.0667,,IDUA11,14,2.034951486259,1,,,,2026-02-13,2026-02-13 20:07:10.248417
1848,IFRA11,0.8600,0.8500,0.8633,2.5900,0.8850,5.3100,1.0500,12.6000,1.8418,10.6350,2.7075,101.7400,1.7000,2026,,,,,,,,,,,,,Indefinido,indefinido,102.8,2428772.74,0,0,,IFRA11,,1544.2991743196,0,,0.85,,2026-02-13,2026-02-13 20:07:10.248417
3387,IFRI11,1.4000,1.3400,0.9033,2.7100,1.1283,6.7700,1.2517,15.0200,2.2857,3.6563,3.6563,104.2700,1.3400,2026,,,,,,,,,,,,,Misto,misto,103,2315937.39,0,0,,IFRI11,,1401.9498623801,0,,0.85,,2026-02-13,2026-02-13 20:07:10.248417
3515,IMOV11,0.2367,0.0000,0.0000,0.0000,0.0000,0.0000,0.0000,0.0000,0.0000,,0.0000,,0.0000,2026,,,,,,,,,,,,,Indefinido,indefinido,0,,504121023.09,0,,IMOV11,14,,13027,,1.5,20,2026-02-13,2026-02-13 20:07:10.248417
3609,INFA11,0.0900,0.0000,0.0000,0.0000,0.0000,0.0000,1.6175,12.9400,0.0000,,0.0000,,14.5600,2025,,,,,,,,,,,,,Outros,outros,9.82,,0,0,,INFA11,,2.724320229662,0,,,,2026-02-13,2026-02-13 20:07:10.248417
3607,INFB11,1.0000,0.9900,0.0000,0.0000,0.0000,0.0000,0.5400,2.1600,18.5354,15.3822,19.7089,101.4900,2.1600,2025,,,,,,,,,,,,,Indefinido,indefinido,90,2573.6,0,0,,INFB11,,9414.3559017849,0,,,,2026-02-13,2026-02-13 20:07:10.248417
3835,INLG11,0.6000,0.7600,0.9033,2.7100,0.9683,5.8100,1.0450,12.5400,0.5096,8.2546,1.2734,78.9000,1.7300,2026,,,,,,,,,,,,,Imóveis Industriais e Logísticos,imoveis-industriais-e-logisticos,77.1,265964.96,478585896.5,0.7321,,INLG11,5,1101.3472571077,15723,,0.46,,2026-02-13,2026-02-13 20:07:10.248417
3831,INRD11,0.6700,0.8600,0.8767,2.6300,0.8867,5.3200,0.9192,11.0300,2.6863,5.8044,3.5694,77.9800,1.7400,2026,,,,,,,,,,,,,Fundo de Desenvolvimento,fundo-de-desenvolvimento,77.8,36878.74,134595711.36,0.6574,,INRD11,5,1736.9576779082,6183,,1,,2026-02-13,2026-02-13 20:07:10.248417
3853,IRIF11,0.1100,1.3200,0.0000,0.0000,0.0000,0.0000,1.1133,6.6800,2.3313,10.5690,3.6821,8.3400,6.6800,2025,,,,,,,,,,,,,Papéis,papeis,9.32,34749.52,0,0,,IRIF11,,3283.0801227147,0,0.80,,15,2026-02-13,2026-02-13 20:07:10.248417
140,IRIM11,0.6900,1.0200,1.1433,3.4300,1.1333,6.8000,1.2200,14.6400,-1.6232,-7.1431,-0.6197,67.8800,2.3100,2026,0.9983,84.1400,-13.5430,2963771750.1600,-9.3609,-12.6798,2.8613,0.9538,5.7147,0.9525,11.6995,0.9750,Indefinido,indefinido,63.99,5784884.78,2963771750.16,0.8068,0.7605181839790826,IRIM11,14,2091.4047952124,226197,0.83,0.15,,2026-02-13,2026-02-13 20:07:10.248417
3245,ISCJ11,1.6029,3.5600,0.0000,0.0000,43.3883,260.3300,33.0675,396.8100,21.7685,594.8257,26.1035,45.0300,401.1900,2025,,,,,,,,,,,,,Papéis,papeis,50.71,10174,32247797.88,0.2951,,ISCJ11,14,207430.77254243,69,,,,2026-02-13,2026-02-13 20:07:10.248417
92,ITIP11,0.6900,1.0400,1.0533,3.1600,1.1200,6.7200,1.1867,14.2400,0.7123,4.8963,1.7597,66.4500,2.0600,2026,0.9566,70.0400,-12.5484,52402893.5300,-9.6084,-11.7118,3.0466,1.0155,6.4999,1.0833,13.0344,1.0862,Papéis,papeis,66.75,54094.26,52402893.53,0.947,0.953026841804683,ITIP11,14,984.2073377416,7699,,,,2026-02-13,2026-02-13 20:07:10.248417
59,ITIT11,0.6100,0.8400,0.8633,2.5900,0.8950,5.3700,0.9283,11.1400,4.0629,8.3455,4.9371,72.7400,1.7100,2026,0.7497,81.3700,3.0522,73276908.3500,10.7928,3.8247,2.2707,0.7569,4.7356,0.7893,9.7102,0.8092,Fundo de Fundos,fundo-de-fundos,73.32,101771.65,73276908.35,0.8993,0.9010691901192084,ITIT11,14,1068.9433692312,9362,,0.30,,2026-02-13,2026-02-13 20:07:10.248417
3247,ITRI11,0.8500,0.9700,1.2000,3.6000,1.1333,6.8000,1.1067,13.2800,5.8567,14.1212,6.8835,87.3000,2.5500,2026,,,,,,,,,,,,,Shoppings,shoppings,84.9,1284247.13,606108095.46,0.9006,,ITRI11,14,1425.6344905973,14094,,1.20,-1,2026-02-13,2026-02-13 20:07:10.248417
3855,IVCI11,1.3400,0.0000,0.0000,0.0000,0.0000,0.0000,0.3742,4.4900,0.0000,,0.0000,,0.0000,2026,,,,,,,,,,,,,Papéis,papeis,96.86,,49423677.58,0.9799,,IVCI11,,1.147539258851,16,,,,2026-02-13,2026-02-13 20:07:10.248417
60,JASC11,0.7000,0.7000,0.4567,1.3700,0.3433,2.0600,0.3833,4.6000,-2.8943,-2.2146,-2.2146,99.9800,0.7000,2026,,,,,,,,,,,,,Imóveis Comerciais - Outros,imoveis-comerciais-outros,100,2397.55,440614271.46,0.874,,JASC11,20,5355.4071455875,168,,,,2026-02-13,2026-02-13 20:07:10.248417
334,JBFO11,7.7657,0.0000,0.0000,0.0000,0.0000,0.0000,0.5000,0.5000,0.0000,,0.0000,,0.7700,2025,,,,,,,,,,,,,Papéis,papeis,15.03,82,9919792.95,1.9369,,JBFO11,14,68.895491006499,369,,,,2026-02-13,2026-02-13 20:07:10.248417
2783,JCCJ11,1.7700,1.2100,0.4900,1.4700,0.3167,1.9000,0.2475,2.9700,0.0000,,0.0000,146.0200,1.2100,2026,,,,,,,,,,,,,Papéis,papeis,157.99,19731,957608663.67,0.8074,,JCCJ11,1,3627.0790889402,244,1,0.12,,2026-02-13,2026-02-13 20:07:10.248417
3573,JCIN11,0.2656,0.0000,0.0000,0.0000,0.0000,0.0000,0.0925,1.1100,0.0000,,0.0000,,1.5200,2025,,,,,,,,,,,,,Fundo de Fundos,fundo-de-fundos,148.9,9973769,240682024.78,0.8152,,JCIN11,14,2878.9044784188,12,,,,2026-02-13,2026-02-13 20:07:10.248417
452,JFLL11,0.2000,0.3100,3.5867,10.7600,3.3167,19.9000,2.0908,25.0900,-3.8382,0.9164,-3.5401,65.3900,1.9300,2026,5.1169,93.7700,-7.1400,140709122.4200,6.0732,-2.3885,6.2926,2.0975,7.6258,1.2710,10.5713,0.8809,Imóveis Residenciais,imoveis-residenciais,65,68359.13,140709122.42,0.6933,0.6931854537698625,JFLL11,1,1658.6022061031,2348,,1.15,,2026-02-13,2026-02-13 20:07:10.248417
528,JGPX11,1.1200,1.5500,1.5100,4.5300,1.6517,9.9100,1.4000,16.8000,-4.2607,7.5661,-2.7767,72.1300,3.0100,2026,1.0896,96.3700,0.4166,206347896.1000,12.5562,1.5107,3.6211,1.2070,6.8131,1.1355,10.3098,0.8591,Indefinido,indefinido,71.45,457544.78,206347896.1,0.7419,0.7414133028950918,JGPX11,0,2679.4118795544,5695,1,0.18,20,2026-02-13,2026-02-13 20:07:10.248417
3613,JMBI11,1.3400,1.5400,0.9800,2.9400,1.2217,7.3300,1.3258,15.9100,6.0075,7.6401,7.6401,87.1700,1.5400,2026,,,,,,,,,,,,,Outros,outros,92.42,1337995.83,0,0,,JMBI11,,2174.5545233134,0,,1.25,20,2026-02-13,2026-02-13 20:07:10.248417
149,JPPA11,1.0600,1.2200,1.3500,4.0500,1.3600,8.1600,1.4108,16.9300,5.4700,14.5649,6.7567,86.9600,2.6900,2026,1.0646,99.5700,1.2714,90015227.3400,15.1838,2.3495,3.1973,1.0658,6.6288,1.1048,13.4999,1.1250,Papéis,papeis,85.08,130526.87,90015227.34,0.8537,0.8544742392286834,JPPA11,14,1407.634207472,6297,,1.05,20,2026-02-13,2026-02-13 20:07:10.248417
51,JSAF11,0.0800,0.9900,1.0367,3.1100,1.1000,6.6000,1.1883,14.2600,3.9897,11.8594,5.0192,8.0800,2.0200,2026,0.8639,9.2600,-90.1426,717623551.5100,-89.2660,-90.0575,2.7644,0.9215,5.7535,0.9589,12.0789,1.0066,Fundo de Fundos,fundo-de-fundos,8.02,1772662.65,717623551.51,0.8585,0.8660907127429806,JSAF11,14,1732.9488899045,23527,1,,20,2026-02-13,2026-02-13 20:07:10.248417
3581,JSCR11,0.0950,1.1100,1.1467,3.4400,1.1733,7.0400,1.2108,14.5300,3.2569,9.1590,4.4031,8.5600,2.2600,2026,,,,,,,,,,,,,Papéis,papeis,8.49,416975.91,209466537.42,0.8996,,JSCR11,14,1649.5477681857,3405,,1,10,2026-02-13,2026-02-13 20:07:10.248417
252,JSRE11,0.4800,0.6900,0.7100,2.1300,0.7450,4.4700,0.7758,9.3100,4.8887,6.6295,5.6124,69.7300,1.4100,2026,0.4533,105.8800,-6.2760,2198750330.6000,-1.7280,-5.8511,1.3935,0.4645,2.8055,0.4676,5.6313,0.4693,Misto,misto,67.31,3180779.78,2198750330.6,0.6323,0.6357196826596148,JSRE11,6,1698.1992053136,85016,,1,20,2026-02-13,2026-02-13 20:07:10.248417
1854,JURO11,1.0000,0.9500,0.9800,2.9400,1.0017,6.0100,1.0442,12.5300,1.6162,8.9320,2.5815,105.0000,1.9200,2026,,,,,,,,,,,,,Indefinido,indefinido,103,4738178.35,0,0,,JURO11,,1436.3104845481,0,,1,,2026-02-13,2026-02-13 20:07:10.248417
95,KCRE11,0.0800,0.8900,0.9500,2.8500,0.9900,5.9400,1.1733,14.0800,2.3891,7.9143,3.3003,9.0000,1.9100,2026,0.8448,9.4700,-90.3288,340824772.7100,-90.1382,-90.2471,2.6455,0.8818,5.9520,0.9920,12.8798,1.0733,Indefinido,indefinido,8.8,595530.83,341571113.81,0.9314,0.9292502639915523,KCRE11,14,1175.7720674903,16208,,1.20,,2026-02-13,2026-02-13 20:07:10.248417
1816,KDIF11,1.4500,1.1100,1.0467,3.1400,1.0183,6.1100,1.0667,12.8000,-1.2803,7.5541,-0.1845,130.3100,2.2100,2026,,,,,,,,,,,,,Indefinido,indefinido,128.46,3562412.04,0,0,,KDIF11,,1378.6178869447,0,,1.11,,2026-02-13,2026-02-13 20:07:10.248417
3267,KDOL11,0.4600,0.5000,0.4833,1.4500,0.5017,3.0100,0.5083,6.1000,-2.9692,-1.9706,-2.4841,91.5000,0.9200,2026,0.5022,99.5600,0.0000,66801106.4500,0.0000,0.0000,1.4690,0.4897,2.9464,0.4911,5.5950,0.4663,Misto,misto,90,74083.09,66801106.45,0.8995,0.9039775010044194,KDOL11,,1956.5517876487,1671,,1,,2026-02-13,2026-02-13 20:07:10.248417
324,KEVE11,61.0000,0.0000,6.0300,18.0900,3.0150,18.0900,1.9567,23.4800,0.0000,,0.0000,,0.0000,2026,27.5704,392.9100,-57.8518,58033016.9500,-48.3015,-46.2313,36.1951,12.0650,55.3799,9.2300,84.8429,7.0702,Fundo de Desenvolvimento,fundo-de-desenvolvimento,615,5185.94,59450216.25,1.5602,1.565243948995953,KEVE11,14,7044.0776761773,433,,1.45,20,2026-02-13,2026-02-13 20:07:10.248417
3583,KFEN11,8.2200,0.0000,0.0000,0.0000,0.0000,0.0000,0.2733,3.2800,0.0000,,0.0000,,0.0000,2026,,,,,,,,,,,,,Indefinido,indefinido,1100,1571.43,169349954.18,1.1644,,KFEN11,14,2631.9180098611,129,,,,2026-02-13,2026-02-13 20:07:10.248417
243,KFOF11,0.8000,0.9200,0.9300,2.7900,0.9750,5.8500,0.9967,11.9600,-0.1148,5.4859,0.8041,87.0000,1.8400,2026,0.8573,93.3200,2.6962,654582946.1400,9.3483,3.5765,2.6256,0.8752,5.2250,0.8708,10.5185,0.8765,Fundo de Fundos,fundo-de-fundos,84.72,1491784.04,660287769.63,0.8989,0.9078439777111016,KFOF11,14,1472.368801972,30314,,0.92,20,2026-02-13,2026-02-13 20:07:10.248417
192,KINP11,2.8952,0.0000,0.0000,0.0000,0.0000,0.0000,0.0000,0.0000,0.0000,,0.0000,,19.9500,2023,0.0000,0.0000,-100.0000,0.0000,0.0000,0.0000,0.0000,0.0000,0.0000,0.0000,0.0000,0.0000,Fundo de Desenvolvimento,fundo-de-desenvolvimento,10,38394.2,118155565.38,0.1567,,KINP11,14,12.738619063346,8102,,,,2026-02-13,2026-02-13 20:07:10.248417
163,KISU11,0.0700,0.9900,1.0067,3.0200,1.0300,6.1800,1.0458,12.5500,1.8651,6.1876,2.8736,7.1000,1.9900,2026,0.8304,8.4300,-3.3257,372595623.9500,-0.2721,-2.5229,2.5674,0.8558,5.1732,0.8622,10.4676,0.8723,Fundo de Fundos,fundo-de-fundos,7.01,670237.61,372595623.95,0.8268,0.8315539739027283,KISU11,14,1256.4653646656,102782,,0.60,,2026-02-13,2026-02-13 20:07:10.248417
94,KIVO11,1.1400,1.6400,1.4533,4.3600,1.4450,8.6700,1.5333,18.4000,7.0065,15.9127,8.7614,69.4900,2.9800,2026,,,,,,,,,,,,,Papéis,papeis,67.02,344391.91,190279304.85,0.7929,,KIVO11,14,1877.4080653014,6912,,1.15,10,2026-02-13,2026-02-13 20:07:10.248417
542,KNCA11,1.1000,1.1000,1.1300,3.3900,1.1550,6.9300,1.2325,14.7900,2.7724,7.9179,3.9029,100.0900,2.3300,2026,0.9963,101.3800,-0.7895,2189703795.7800,11.4952,0.1989,3.2604,1.0868,5.4561,0.9093,10.8483,0.9040,Indefinido,indefinido,96.05,3493593,2189703795.78,0.9607,0.9474255277174986,KNCA11,0,1072.4694770986,83243,1.2,,,2026-02-13,2026-02-13 20:07:10.248417
191,KNCR11,1.2000,1.1200,1.1233,3.3700,1.2150,7.2900,1.2175,14.6100,-0.5209,2.8823,0.5933,106.9500,2.3300,2026,1.0855,102.2600,1.4988,9741403716.0000,16.1343,2.6005,3.7114,1.2371,7.5404,1.2567,13.9700,1.1642,Papéis,papeis,106.15,20078003.65,10381050207.72,1.0272,1.0380402894582437,KNCR11,14,684.43298375709,497709,1,,,2026-02-13,2026-02-13 20:07:10.248417
2791,KNHF11,1.0000,1.0100,1.0433,3.1300,1.0683,6.4100,1.1033,13.2400,3.3607,9.0182,4.4047,99.3400,2.0500,2026,,,,,,,,,,,,,Indefinido,indefinido,97.65,4399480.74,1987081877.35,0.97,,KNHF11,9,1269.6943747265,60087,,1.20,,2026-02-13,2026-02-13 20:07:10.248417
400,KNHY11,0.9600,0.9600,0.9733,2.9200,1.0417,6.2500,1.1992,14.3900,-0.4575,2.3481,0.4981,100.0900,1.9500,2026,0.9838,98.6000,0.8696,3073780367.1400,15.0613,1.8619,3.0119,1.0040,6.9830,1.1638,14.4477,1.2040,Papéis,papeis,100.49,4511883.35,3087504153.73,1.0091,1.0191683569979717,KNHY11,14,814.15000298474,28050,,1.60,,2026-02-13,2026-02-13 20:07:10.248417
292,KNIP11,0.7000,0.7600,0.7800,2.3400,0.7600,4.5600,0.9583,11.5000,1.4027,4.7064,2.1734,91.8100,1.5300,2026,0.7771,92.6500,-1.2892,7419070211.5800,8.5926,-0.5221,2.1033,0.7011,4.6238,0.7706,11.4348,0.9529,Papéis,papeis,91.51,8966704.74,7454825543.59,0.977,0.9876956287101997,KNIP11,14,1121.3802779749,71117,,1,,2026-02-13,2026-02-13 20:07:10.248417
3016,KNOX11,2.6714,2.7700,0.9233,2.7700,0.4617,2.7700,0.7108,8.5300,3.5918,19.6833,6.4613,96.3300,8.5300,2025,,,,,,,,,,,,,FIP-IE,fip-ie,100.3,246994.78,0,0,,KNOX11,,3422.893291652,0,,,,2026-02-13,2026-02-13 20:07:10.248417
96,KNPR11,2.8100,0.0000,0.0000,0.0000,0.0000,0.0000,0.0000,0.0000,0.0000,,0.0000,,0.0000,2026,,,,,,,,,,,,,Indefinido,indefinido,0,,58044496.51,0,,KNPR11,14,,594,,,,2026-02-13,2026-02-13 20:07:10.248417
240,KNRE11,0.0012,0.3900,0.3900,0.3900,0.3900,0.3900,28.2542,339.0500,18.5185,18.9807,18.9807,0.3200,0.3900,2026,9.2237,0.7600,0.0000,14036869.1400,0.4641,9.2237,55.2796,18.4265,55.4103,9.2350,63.0308,5.2526,Fundo de Desenvolvimento,fundo-de-desenvolvimento,0.34,2217.57,11735257.45,0.5397,0.4473684210526316,KNRE11,14,36562.199795035,5599,,0.04,20,2026-02-13,2026-02-13 20:07:10.248417
203,KNRI11,0.8800,0.5300,0.6667,2.0000,0.6817,4.0900,0.7108,8.5300,7.6723,11.3127,8.2430,165.6000,1.3400,2026,0.6127,163.2000,2.1021,4602845516.9800,11.3011,2.7277,1.8367,0.6122,3.6749,0.6125,7.3854,0.6155,Misto,misto,166.62,6290753.39,4622495428.16,1.0074,1.0209558823529412,KNRI11,19,1446.2730730847,305827,1.11,,,2026-02-13,2026-02-13 20:07:10.248417
263,KNSC11,0.0900,0.9800,1.0133,3.0400,1.0483,6.2900,1.1250,13.5000,4.0863,8.1424,5.1063,9.1700,2.0000,2026,1.0227,8.8000,-90.0148,1779084568.1500,-88.8500,-89.9126,3.1859,1.0620,6.3858,1.0643,13.1272,1.0939,Papéis,papeis,9,6162731.13,1778215373.83,1.0193,1.0227272727272727,KNSC11,14,948.807549651,256013,1.20,,,2026-02-13,2026-02-13 20:07:10.248417
2730,KNUQ11,1.3000,1.2300,1.2067,3.6200,1.2383,7.4300,1.3117,15.7400,0.1425,4.0259,1.3743,105.4000,2.5100,2026,,,,,,,,,,,,,Indefinido,indefinido,105.49,4932988.17,2178960704.85,1.0309,,KNUQ11,14,580.25084083373,49101,,1.40,,2026-02-13,2026-02-13 20:07:10.248417
2853,KOPA11,120.0000,17.3400,8.1067,24.3200,5.6533,33.9200,4.4042,52.8500,2.8039,168.4388,20.6301,691.8600,72.7300,2025,18.4394,650.7800,0.0000,230818465.3100,0.0000,0.0000,24.2251,8.0750,33.1560,5.5260,40.9338,3.4112,Indefinido,indefinido,605.01,335069.3,230818465.31,0.9266,0.9296690125695319,KOPA11,,2558.4449202356,3364,,2,20,2026-02-13,2026-02-13 20:07:10.248417
3251,KORE11,0.6000,0.8000,1.4233,4.2700,1.6233,9.7400,1.6583,19.9000,0.3627,9.5766,1.1656,74.7200,2.4800,2026,,,,,,,,,,,,,Lajes Corporativas,lajes-corporativas,73.82,3833125,1021195946.43,0.6862,,KORE11,4,1996.3214488335,28355,,1.06,,2026-02-13,2026-02-13 20:07:10.248417
3377,KRES11,0.0008,0.0000,0.0000,0.0000,0.0000,0.0000,0.0000,0.0000,0.0000,,0.0000,,0.0000,2025,,,,,,,,,,,,,Misto,misto,0,,239726659.52,0,,KRES11,1,,131,,,,2026-02-13,2026-02-13 20:07:10.248417
3269,LAFI11,3.4200,0.0000,0.0000,0.0000,0.0000,0.0000,1.4333,4.3000,0.0000,,0.0000,,12.2200,2025,3.0365,112.6300,0.0000,86870105.1800,0.0000,0.0000,10.8162,3.6054,19.2664,6.4221,19.2664,6.4221,Misto,misto,117.43,3460.78,86870105.18,1.0426,1.0426174198703722,LAFI11,,5454.4046864936,1270,,,,2026-02-13,2026-02-13 20:07:10.248417
302,LASC11,0.7500,0.6700,0.5933,1.7800,0.6783,4.0700,1.5067,18.0800,3.2110,13.5023,3.9025,112.5000,1.1400,2026,0.4849,131.9800,23.3919,388061882.5100,24.5200,23.9903,1.5977,0.5326,9.5046,1.5841,12.5745,1.0479,Shoppings,shoppings,112.85,9023958.61,388061882.51,0.8524,0.8550537960297014,LASC11,2,4175.1980359897,471,,1.07,20,2026-02-13,2026-02-13 20:07:10.248417
61,LAVF11,1.3000,0.0000,0.0000,0.0000,0.0000,0.0000,0.0000,0.0000,0.0000,,0.0000,,0.0000,2022,,,,,,,,,,,,,Indefinido,indefinido,0,,118155565.38,0,,LAVF11,14,,8102,,,,2026-02-13,2026-02-13 20:07:10.248417
143,LFTT11,0.2102,0.0000,0.0000,0.0000,0.0000,0.0000,7.1767,86.1200,0.0000,,0.0000,,187.8900,2025,0.4120,51.0200,27.4226,33927760.1600,-54.9124,27.9476,4.6764,1.5588,21.2240,3.5373,82.9150,6.9096,Papéis,papeis,2.1,598719,31847459.28,0.0439,0.04116032928263426,LFTT11,51,32547.410751816,1,,,,2026-02-13,2026-02-13 20:07:10.248417
98,LIFE11,0.1200,1.3400,1.4100,4.2300,1.4417,8.6500,1.4625,17.5500,4.8066,13.2865,6.2110,8.9400,2.7500,2026,,,,,,,,,,,,,Imóveis Comerciais - Outros,imoveis-comerciais-outros,8.9,1017793.43,396710585.75,0.8681,,LIFE11,14,1620.6782180383,19601,,1.38,20,2026-02-13,2026-02-13 20:07:10.248417
455,LKDV11,82.3218,0.0000,0.0000,0.0000,0.0000,0.0000,0.0000,0.0000,0.0000,,0.0000,,0.0000,2026,,,,,,,,,,,,,Papéis,papeis,1081.93,765465,73566558.34,0.9826,,LKDV11,1,1712.1197452223,101,,,,2026-02-13,2026-02-13 20:07:10.248417
67,LLAO11,7.3102,11.3200,0.0000,0.0000,0.0000,0.0000,1.6171,11.3200,-2.1070,8.9745,8.9745,64.5800,11.3200,2025,,,,,,,,,,,,,Misto,misto,57.2,57,18617445.11,1.1096,,LLAO11,9,2303.5857414958,78,,,,2026-02-13,2026-02-13 20:07:10.248417
130,LOFT11B,47.8954,0.0000,0.0000,0.0000,0.0000,0.0000,0.0000,0.0000,0.0000,,0.0000,,92.3700,2021,,,,,,,,,,,,,Fundo de Desenvolvimento,fundo-de-desenvolvimento,29.9,,238995.2,249.1667,,LOFT11B,2,,1,,,,2026-02-13,2026-02-13 20:07:10.248417
97,LPLP11,0.1761,0.0500,2.7700,8.3100,3.0933,18.5600,1.5467,18.5600,42.8571,22.8698,42.9286,340.0000,8.3100,2026,,,,,,,,,,,,,Indefinido,indefinido,310,2319.11,245877747.53,1.0154,,LPLP11,14,16159.023186792,32,,,,2026-02-13,2026-02-13 20:07:10.248417
77,LRDI11,6.2310,0.0000,8.2067,24.6200,6.1550,24.6200,9.5350,38.1400,0.0000,,0.0000,,0.0000,2026,,,,,,,,,,,,,Indefinido,indefinido,198,4592.76,30813670.66,2.3789,,LRDI11,14,22500.014212718,123,,,,2026-02-13,2026-02-13 20:07:10.248417
482,LSAG11,1.0500,1.1700,1.2900,3.8700,1.4100,8.4600,1.4792,17.7500,6.1176,17.0961,7.3592,89.6800,2.4700,2026,1.1229,97.9600,0.0000,98871951.9300,0.0000,0.0000,3.4400,1.1467,5.7755,0.9626,10.1387,1.0139,Indefinido,indefinido,87.5,170893.43,98871951.93,0.8926,0.8932217231523071,LSAG11,0,1814.1388295821,2684,,1.47,,2026-02-13,2026-02-13 20:07:10.248417
3211,LSOI11,0.1000,0.0000,0.0000,0.0000,0.0000,0.0000,0.0000,0.0000,0.0000,,0.0000,,0.0000,2025,,,,,,,,,,,,,Misto,misto,12.02,2666669.17,70688222.31,0.9926,,LSOI11,2,1158.1232854355,41,,,,2026-02-13,2026-02-13 20:07:10.248417
443,LSPA11,20.8500,86.8400,0.0000,0.0000,0.0000,0.0000,0.0000,0.0000,0.0000,153.7277,86.8400,24.0100,299.4500,2024,,,,,,,,,,,,,Papéis,papeis,24.01,453.61,8473824.04,1.1461,,LSPA11,14,0.388088948896,727,,,,2026-02-13,2026-02-13 20:07:10.248417
2844,LTMT11,8.3791,8.8000,0.0000,0.0000,0.0000,0.0000,0.0000,0.0000,0.0000,,0.0000,95.1900,8.8000,2024,,,,,,,,,,,,,Imóveis Residenciais,imoveis-residenciais,98.36,27934,14638146.65,1.052,,LTMT11,1,875.61937170292,224,,,,2026-02-13,2026-02-13 20:07:10.248417
239,LUGG11,0.5900,0.8800,0.8633,2.5900,0.8467,5.0800,0.7692,9.2300,-3.2022,-10.0843,-2.3504,67.4100,9.2300,2024,0.5102,117.6000,-7.9668,132968746.7500,-0.3383,-7.4973,1.5315,0.5105,3.0381,0.5064,5.5762,0.4647,Imóveis Residenciais,imoveis-residenciais,72.82,23956,132968746.75,0.5527,0.6192176870748299,LUGG11,5,10.066671453741,7962,,1,,2026-02-13,2026-02-13 20:07:10.248417
375,LVBI11,0.7500,0.6700,0.6733,2.0200,0.6967,4.1800,0.7425,8.9100,-0.6682,2.1600,-0.0027,111.4900,1.3400,2026,0.6229,120.4100,4.2511,1940757417.7800,10.2874,4.9004,1.8832,0.6277,3.7955,0.6326,7.6301,0.6358,Imóveis Industriais e Logísticos,imoveis-industriais-e-logisticos,109.19,3843436.74,1940757417.78,0.9098,0.9068183705672287,LVBI11,11,1476.3493319001,126908,0.8,,,2026-02-13,2026-02-13 20:07:10.248417
99,MANA11,0.1100,1.1700,1.2033,3.6100,1.2383,7.4300,1.2967,15.5600,1.8359,9.4542,3.0273,9.4300,2.3600,2026,,,,,,,,,,,,,Indefinido,indefinido,9.29,1282421.17,354929241.49,0.9841,,MANA11,14,983.19592182431,35307,,1,20,2026-02-13,2026-02-13 20:07:10.248417
246,MATV11,0.6000,0.7300,0.0000,0.0000,0.0000,0.0000,0.0000,0.0000,-1.4101,-1.0827,-0.6904,82.5000,3.1100,2023,0.6587,91.0900,-1.8850,38799465.3000,-0.1778,-1.2387,2.4153,0.8051,5.0039,0.8340,10.9192,1.0919,Indefinido,indefinido,86.63,13027.43,118155565.38,1.3576,0.9510374355033483,MATV11,1,0.366183356078,8102,,,,2026-02-13,2026-02-13 20:07:10.248417
408,MAXR11,0.5463,0.8500,0.5300,1.5900,0.5183,3.1100,0.5483,6.5800,3.1935,2.1212,4.0707,63.9800,1.2400,2026,0.2153,102.1600,-16.9971,114996782.9500,-10.6713,-16.8183,0.7128,0.7128,1.9947,0.3325,3.8534,0.3211,Varejo,varejo,62.6,337481.48,105292782.95,0.666,0.6127642913077526,MAXR11,7,1706.2607757285,3948,,0.30,,2026-02-13,2026-02-13 20:07:10.248417
281,MBRF11,0.5000,0.0000,0.0000,0.0000,0.0000,0.0000,0.0000,0.0000,0.0000,,0.0000,,0.0000,2023,0.8803,1136.0082,-0.1720,115491134.7200,10.0303,0.7067,2.6522,0.8841,5.2889,0.8815,,,Lajes Corporativas,lajes-corporativas,0,,0,0,,MBRF11,,,0,,,,2026-02-13,2026-02-13 20:07:10.248417
141,MCCI11,1.0000,1.0900,1.1267,3.3800,1.1450,6.8700,1.1592,13.9100,4.7581,5.9000,5.9000,92.0300,1.0900,2026,1.0522,95.0400,2.7459,1611852388.1300,8.6476,3.8270,3.1955,1.0652,6.3065,1.0511,12.0125,1.0010,Papéis,papeis,94,5438589.96,1611852388.13,1.0017,0.989057239057239,MCCI11,14,1209.7379122805,113465,0.80,0.20,20,2026-02-13,2026-02-13 20:07:10.248417
3255,MCEM11,0.6700,1.0700,0.7133,2.1400,0.8767,5.2600,0.8411,7.5700,0.0000,,0.0000,62.4000,1.0700,2026,,,,,,,,,,,,,Shoppings,shoppings,65.12,62625.86,115133567.5,1.8556,,MCEM11,14,28895.741216088,217,,1.3,20,2026-02-13,2026-02-13 20:07:10.248417
402,MCHF11,2.5886,0.0000,0.0000,0.0000,0.0000,0.0000,0.0000,0.0000,0.0000,,0.0000,,1.5100,2024,0.6744,10.3800,9.1483,335751641.1500,12.9309,9.8843,2.1561,0.7187,4.7817,0.7969,10.9435,0.9120,Papéis,papeis,9.1,1778820.09,118155565.38,0.1426,0.8766859344894026,MCHF11,1,7.841490177705,8102,0.77,0.18,20,2026-02-13,2026-02-13 20:07:10.248417
313,MCHY11,0.1000,1.3900,1.2700,3.8100,1.1983,7.1900,1.1575,13.8900,-12.2249,-21.9389,-11.0049,7.1800,13.8900,2024,1.0526,9.5000,-90.5331,1060212799.6400,-89.3538,-90.4335,3.1348,1.0449,6.4345,1.0724,12.3439,1.0287,Papéis,papeis,8.58,4789731.61,1060212799.64,0.7158,0.9031578947368422,MCHY11,1,26.953151441322,93666,1.10,0.20,20,2026-02-13,2026-02-13 20:07:10.248417
4512,MCLO11,0.0950,0.9400,0.9233,2.7700,0.7467,4.4800,0.6470,6.4700,1.2036,-4.7118,2.1549,10.0900,1.8900,2026,,,,,,,,,,,,,Imóveis Industriais e Logísticos,imoveis-industriais-e-logisticos,10,615029.09,1707269495.82,0.7217,,MCLO11,5,4184.4749897842,228,,,,2026-02-13,2026-02-13 20:07:10.248417
4121,MCRE11,0.1100,1.1300,1.2067,3.6200,1.2550,7.5300,1.3317,15.9800,8.3149,9.5388,9.5388,9.7700,1.1300,2026,,,,,,,,,,,,,Papéis,papeis,9.67,3686351.43,1131768560.48,0.9497,,MCRE11,1,1258.340824266,87205,1.10,0.20,20,2026-02-13,2026-02-13 20:07:10.248417
439,MFAI11,34.1800,48.8400,0.0000,0.0000,0.0000,0.0000,0.0000,0.0000,2.6551,89.7503,52.7919,69.9800,56.2400,2024,0.0000,0.0000,-100.0000,0.0000,0.0000,0.0000,0.0000,0.0000,0.0000,0.0000,0.0000,0.0000,Fundo de Fundos,fundo-de-fundos,69.98,11326.82,27463042.22,0.9916,,MFAI11,14,0.018966425472,2301,,1,20,2026-02-13,2026-02-13 20:07:10.248417
309,MFII11,1.0500,1.3000,1.3667,4.1000,1.3700,8.2200,1.4000,16.8000,5.2180,9.0751,6.5858,80.8600,2.6900,2026,1.0862,98.5100,-6.8287,669885651.0000,4.1274,-5.8167,3.2138,1.0713,6.3219,1.0536,12.7684,1.0640,Fundo de Desenvolvimento,fundo-de-desenvolvimento,77.09,1799181.83,669885651,0.7849,0.782560146178053,MFII11,1,1676.9686386882,32496,,2,20,2026-02-13,2026-02-13 20:07:10.248417
388,MGCR11,0.3329,0.0000,0.0000,0.0000,0.0000,0.0000,0.0000,0.0000,0.0000,,0.0000,,8.0000,2023,1.0225,9.7800,-89.0824,131240792.9700,-88.5465,-88.9708,1.2549,0.4183,1.5796,0.2633,6.1690,0.5141,Papéis,papeis,9.4,259145.59,118155565.38,0.1473,0.9611451942740288,MGCR11,14,14.563328514779,8102,,,,2026-02-13,2026-02-13 20:07:10.248417
323,MGFF11,4.2605,0.0000,0.0000,0.0000,0.0000,0.0000,0.0000,0.0000,0.0000,,0.0000,,0.0000,2024,0.7071,73.5400,2.5662,665588549.5700,-0.0942,3.2915,2.1234,0.7078,4.3009,0.7168,8.7018,0.7251,Fundo de Fundos,fundo-de-fundos,69.99,2558695.75,118155565.38,1.0969,0.9517269513190099,MGFF11,14,8.068261594772,8102,,0.20,20,2026-02-13,2026-02-13 20:07:10.248417
126,MGHT11,0.1300,0.4200,0.0000,0.0000,0.0000,0.0000,0.0000,0.0000,-14.4244,-21.9010,-14.0650,30.8500,7.2400,2024,0.2559,50.8100,-40.6287,66752133.2200,-43.6916,-40.4767,1.5373,0.5124,3.3225,0.5537,7.1589,0.5966,Hotéis,hoteis,15.4,9325.43,30332271.38,0.6908,0.30308994292462116,MGHT11,1,4992.2002432124,3647,,1.20,20,2026-02-13,2026-02-13 20:07:10.248417
180,MGLG11,0.3500,0.8600,0.8600,2.5800,0.7600,4.5600,0.9742,11.6900,-3.5952,-2.7662,-2.7662,40.4900,0.8600,2023,0.5686,61.5542,57.5370,116224996.0200,-18.6225,58.4328,2.2829,0.7610,5.0253,0.8375,,,Imóveis Industriais e Logísticos,imoveis-industriais-e-logisticos,40.99,55314.19,116088485.68,0.549,0.6659171916782283,MGLG11,2,27.794577979683,3712,,1,,2026-02-13,2026-02-13 20:07:10.248417
102,MGRI11,1.1800,0.0000,0.0000,0.0000,0.0000,0.0000,0.6683,8.0200,0.0000,,0.0000,,0.0000,2026,,,,,,,,,,,,,Indefinido,indefinido,58.18,,15655829.24,1.1163,,MGRI11,1,3.523688471339,2,0.85,0.135,,2026-02-13,2026-02-13 20:07:10.248417
405,MINT11,14.6723,15.2000,0.0000,0.0000,0.0000,0.0000,0.0000,0.0000,-5.8537,14.9526,8.4566,96.5000,19.7700,2024,,,,,,,,,,,,,Educacional,educacional,96.5,2171.2,50527673.91,0.9931,,MINT11,3,6.45775421777,94,0.80,0.15,,2026-02-13,2026-02-13 20:07:10.248417
78,MMPD11,1.2825,0.0000,0.0000,0.0000,0.0000,0.0000,0.0000,0.0000,0.0000,,0.0000,,0.0000,2026,,,,,,,,,,,,,Indefinido,indefinido,0,,59213198.72,0,,MMPD11,14,,102,,,,2026-02-13,2026-02-13 20:07:10.248417
250,MORE11,6.0224,0.0000,0.0000,0.0000,0.0000,0.0000,0.0000,0.0000,0.0000,,0.0000,,0.0000,2024,0.8058,86.8700,4.8775,201465359.1200,2.9115,5.7226,2.3824,0.7941,4.5336,0.7556,8.9999,0.7500,Fundo de Fundos,fundo-de-fundos,76.21,1327577.67,118155565.38,1.1943,0.8772879014619546,MORE11,14,2.673784466879,8102,,1,20,2026-02-13,2026-02-13 20:07:10.248417
179,MXRF11,0.1000,1.0400,1.0433,3.1300,1.0483,6.2900,1.0767,12.9200,0.8386,1.9949,1.8873,9.6200,2.0900,2026,1.0627,9.4100,-6.9238,4331102591.0000,-0.4429,-5.9347,3.1859,1.0620,6.3628,1.0605,12.4763,1.0397,Papéis,papeis,9.73,18605766.7,4331102591,1.0202,1.0340063761955367,MXRF11,3,726.65642308588,1357621,,0.90,,2026-02-13,2026-02-13 20:07:10.248417
6241,NAUI11,179.7622,17.4500,0.0000,0.0000,0.0000,0.0000,17.4500,17.4500,0.0000,,0.0000,1030.0000,17.4500,2025,,,,,,,,,,,,,Outros,outros,1100,2327600,28595460.4,1.9906,,NAUI11,,9491.2056133147,110,,,,2026-02-13,2026-02-13 20:07:10.248417
128,NAVT11,1.2418,1.6800,1.2767,3.8300,1.1900,7.1400,1.1875,14.2500,4.3226,6.0753,6.0753,73.8500,1.6800,2026,0.8436,88.9000,-0.7591,54429457.5200,1.2242,0.0781,2.5829,0.8610,5.4743,0.9124,10.6468,0.8872,Papéis,papeis,75.3,70841.78,54429457.52,0.8569,0.8470191226096737,NAVT11,14,2808.9695177388,2384,,1,20,2026-02-13,2026-02-13 20:07:10.248417
79,NCHB11,0.1050,1.3400,1.3533,4.0600,1.2883,7.7300,1.2608,15.1300,11.0953,10.1815,12.5840,7.8100,4.0600,2025,1.0154,9.7500,-89.1183,148979591.7700,-88.5990,-89.0078,2.9725,0.9908,5.9907,0.9984,12.4144,1.0345,Papéis,papeis,7.97,63111.7,148979591.77,0.8174,0.8174358974358974,NCHB11,14,17.089389351351,11451,,1.10,,2026-02-13,2026-02-13 20:07:10.248417
1840,NCRI11,0.1000,1.1100,1.1300,3.3900,1.1600,6.9600,1.2508,15.0100,0.1114,7.7454,1.2226,8.9900,2.2200,2026,,,,,,,,,,,,,Papéis,papeis,8.3,2841.52,39575075.09,0.9022,,NCRI11,1,3768.159353059,1290,,,,2026-02-13,2026-02-13 20:07:10.248417
3876,NELO11,5.4707,0.0000,0.0000,0.0000,0.0000,0.0000,0.0000,0.0000,0.0000,,0.0000,,0.0000,2026,1.1522,890.2900,0.0000,390571470.7000,0.0000,0.0000,3.4637,1.1546,11.0121,1.8353,16.7240,1.6724,Logística,logistica,0,,390571470.7,0,,NELO11,57,,2,,,,2026-02-13,2026-02-13 20:07:10.248417
316,NEWL11,1.0000,0.8500,0.8900,2.6700,0.9033,5.4200,0.9583,11.5000,1.7834,10.2812,2.6485,117.0000,1.7900,2026,0.8259,130.7700,8.8933,367481120.9900,25.2981,9.7927,2.2819,0.7606,4.4724,0.7454,8.6485,0.7207,Imóveis Industriais e Logísticos,imoveis-industriais-e-logisticos,116.97,5974509.09,367481120.99,0.9013,0.8944712089928882,NEWL11,3,1254.346781399,9720,,0.95,20,2026-02-13,2026-02-13 20:07:10.248417
229,NEWU11,0.2500,0.2300,0.5067,1.5200,0.3233,1.9400,0.2200,2.6400,1.9143,2.9663,2.1487,107.0100,1.2800,2026,1.3372,82.2600,18.1727,61037190.9600,28.3335,19.7529,1.9410,0.6470,2.6566,0.4428,3.1907,0.2659,Lajes Corporativas,lajes-corporativas,107,12260.35,61037190.96,1.3601,1.300753707755896,NEWU11,3,3713.345559044,1055,,,,2026-02-13,2026-02-13 20:07:10.248417
2976,NEXG11,0.9000,0.6900,0.6233,1.8700,0.7683,4.6100,0.8242,9.8900,0.5451,0.5899,1.2388,130.9700,1.3000,2026,0.7424,101.0300,0.0000,124525325.2800,0.0000,0.0000,2.8826,0.9609,5.8286,0.9714,11.3994,0.9499,Agricultura,agricultura,130,428341,124525325.28,1.2867,1.2867465109373453,NEXG11,,4913.7647779001,655,1,0.16,20,2026-02-13,2026-02-13 20:07:10.248417
151,NSLU11,1.7304,0.8300,2.0233,6.0700,1.4300,8.5800,1.2400,14.8800,-3.6759,-4.2157,-2.8764,208.0600,1.4600,2026,5.8647,173.2400,-12.9097,224045912.8200,-2.1734,-7.8021,7.3613,2.4538,9.6667,1.6111,14.1139,1.1762,Hospitalar,hospitalar,208.38,118478.04,224045912.82,1.1866,1.2028399907642575,NSLU11,2,2417.8634508982,5199,,2.5,,2026-02-13,2026-02-13 20:07:10.248417
2978,NUIF11,1.1000,1.1500,1.2533,3.7600,1.3100,7.8600,1.3358,16.0300,3.1892,4.3759,4.3759,95.4500,1.1500,2026,,,,,,,,,,,,,Indefinido,indefinido,94,196355.57,0,0,,NUIF11,,1913.1182243728,0,,,,2026-02-13,2026-02-13 20:07:10.248417
139,NVHO11,0.0896,0.7900,0.7367,2.2100,0.7483,4.4900,0.7500,9.0000,-8.7903,-12.8875,-8.0698,11.3100,1.5100,2026,0.5414,16.5500,18.6380,686598261.0500,39.5670,19.2803,1.6429,0.5476,3.2148,0.5358,6.3155,0.5263,Hospitalar,hospitalar,11.01,18456,686598261.05,0.6669,0.6652567975830815,NVHO11,4,6460.8821245133,1731,,,,2026-02-13,2026-02-13 20:07:10.248417
6251,NVIF11,0.8892,0.0000,0.0000,0.0000,0.0000,0.0000,0.0000,0.0000,0.0000,,0.0000,,0.0000,2026,,,,,,,,,,,,,Fundo de Desenvolvimento,fundo-de-desenvolvimento,227.5,,112493646.48,0.6823,,NVIF11,2,,7,,,,2026-02-13,2026-02-13 20:07:10.248417
158,NVIF11B,1.1114,0.0000,0.0000,0.0000,0.0000,0.0000,0.0000,0.0000,0.0000,,0.0000,,0.0000,2025,0.4221,263.2800,-15.7369,88829544.9400,5.4012,-15.3812,1.2857,0.4286,2.5737,0.4290,4.8480,0.4040,Fundo de Desenvolvimento,fundo-de-desenvolvimento,227.5,,88829544.94,0.8641,0.8640990580370709,NVIF11B,2,,7,,,,2026-02-13,2026-02-13 20:07:10.248417
3011,NVRP11,87.5000,0.0000,0.0000,0.0000,0.0000,0.0000,0.0000,0.0000,0.0000,,0.0000,,0.0000,2025,,,,,,,,,,,,,Indefinido,indefinido,170,13600,0,0,,NVRP11,,13884.861441772,0,,,,2026-02-13,2026-02-13 20:07:10.248417
2809,OBAL11,93.5150,0.0000,0.0000,0.0000,0.0000,0.0000,2.4467,7.3400,0.0000,,0.0000,,0.0000,2026,,,,,,,,,,,,,Imóveis Residenciais,imoveis-residenciais,1095,1095,193259913.47,0.8005,,OBAL11,4,2769.9248611042,108,,,,2026-02-13,2026-02-13 20:07:10.248417
2793,OCRE11,0.4535,0.5300,0.5767,1.7300,0.5233,3.1400,0.6592,7.9100,17.6712,-0.1753,18.2949,85.9000,1.1000,2026,,,,,,,,,,,,,Papéis,papeis,80,15388.96,68113722.38,0.4968,,OCRE11,1,8072.1078937355,457,,,,2026-02-13,2026-02-13 20:07:10.248417
2719,OGHY11,9.3992,0.0000,0.0000,0.0000,0.0000,0.0000,0.0000,0.0000,0.0000,,0.0000,,0.9900,2024,,,,,,,,,,,,,Indefinido,indefinido,8.72,22847.1,118155565.38,0.1367,,OGHY11,14,57.139871256465,8102,,,,2026-02-13,2026-02-13 20:07:10.248417
1858,OGIN11,0.1000,1.2200,0.0000,0.0000,0.3950,2.3700,0.4150,4.9800,5.1216,-3.1394,6.4041,8.2100,7.1400,2025,,,,,,,,,,,,,Misto,misto,8.19,51229.17,0,0,,OGIN11,,1566.2101521789,0,,,,2026-02-13,2026-02-13 20:07:10.248417
485,OIAG11,0.1200,1.2700,1.3367,4.0100,1.3917,8.3500,1.4558,17.4700,6.0674,12.1406,7.4145,9.4400,2.6200,2026,1.2208,9.8300,0.0000,88767337.5800,0.0000,0.0000,3.6127,1.2042,6.9258,1.1543,13.1502,1.0958,Indefinido,indefinido,9.25,185745.83,88767337.58,0.9237,0.940996948118006,OIAG11,0,1619.3866847676,13118,,1.10,20,2026-02-13,2026-02-13 20:07:10.248417
3259,ONDV11,0.1600,0.0000,0.6600,1.9800,0.9750,5.8500,0.5318,5.8500,0.0000,,0.0000,,0.0000,2026,,,,,,,,,,,,,Exploração de Imóveis,exploracao-de-imoveis,9.77,5317.5,96871635.82,0.7506,,ONDV11,14,4190.4913799199,393,0.30,0.15,20,2026-02-13,2026-02-13 20:07:10.248417
57,ONEF11,2.8490,0.0000,0.0000,0.0000,0.0000,0.0000,0.0000,0.0000,0.0000,,0.0000,,0.0000,2024,17.7800,182.7900,-9.2583,166518054.6300,30.2649,6.8755,18.6546,6.2182,19.9851,3.3308,22.7998,1.9000,Lajes Corporativas,lajes-corporativas,200.03,114431.47,118155565.38,3.1348,1.0943158816127798,ONEF11,14,9.397628254804,8102,,,,2026-02-13,2026-02-13 20:07:10.248417
2785,OPTM11,0.1400,0.0000,0.0000,0.0000,0.0000,0.0000,0.0000,0.0000,0.0000,,0.0000,,0.0000,2024,,,,,,,,,,,,,Misto,misto,0,,5132611.47,0,,OPTM11,1,,14,,,,2026-02-13,2026-02-13 20:07:10.248417
512,ORPD11,1.3793,0.0000,0.0000,0.0000,0.0000,0.0000,0.0000,0.0000,0.0000,,0.0000,,0.0000,2019,1.1062,124.6841,0.9472,36158397.7800,2.0639,2.0639,,,,,,,Fundo de Desenvolvimento,fundo-de-desenvolvimento,93,402.75,40847491.62,0.6603,0.7458850005734492,ORPD11,14,24.80391854123,6,,,,2026-02-13,2026-02-13 20:07:10.248417
170,OUFF11,0.7558,1.2500,0.0000,0.0000,0.0000,0.0000,0.0000,0.0000,-1.4358,-4.0100,-0.2037,60.4100,7.1000,2024,0.9622,78.5500,3.4914,142517935.8200,10.9998,4.4872,2.7215,0.9072,5.2357,0.8726,10.9086,0.9090,Fundo de Fundos,fundo-de-fundos,61.1,264340.11,118155565.38,0.9575,0.7778485041374921,OUFF11,1,0.127134086973,8102,,0.35,30,2026-02-13,2026-02-13 20:07:10.248417
166,OUJP11,1.0600,1.1900,1.2633,3.7900,1.3567,8.1400,1.4217,17.0600,12.2252,19.6873,13.5606,89.3200,2.4800,2026,0.9878,101.2300,1.3415,329228018.6600,17.6146,2.3426,3.2156,1.0719,6.5501,1.0917,12.8230,1.0686,Papéis,papeis,83.99,650963.39,329228018.66,0.8199,0.8296947545194111,OUJP11,14,1576.8847179455,26020,,1.05,20,2026-02-13,2026-02-13 20:07:10.248417
389,OULG11,15.5162,60.0700,0.0000,0.0000,10.0250,60.1500,5.0975,61.1700,7.7597,118.1107,72.4910,25.8300,64.9000,2025,54.2714,28.5900,-57.2710,70940209.3200,-38.9740,-34.0813,54.6966,18.2322,56.9167,9.4861,60.4660,5.0388,Imóveis Industriais e Logísticos,imoveis-industriais-e-logisticos,24.04,2674,71094553.34,0.8391,0.8408534452605806,OULG11,1,3420.6748041235,3130,,1,,2026-02-13,2026-02-13 20:07:10.248417
213,OURE11,1.0850,1.3900,0.0000,0.0000,0.0000,0.0000,0.0000,0.0000,3.8400,19.4212,5.2834,77.8800,8.6800,2024,1.0804,100.4300,10.3263,108172369.3100,23.9342,11.5182,3.1190,1.0397,6.0181,1.0030,11.2307,0.9359,Misto,misto,78.2,224923.68,118155565.38,1.2255,0.7786517972717315,OURE11,1,6.168870770838,8102,,0.95,25,2026-02-13,2026-02-13 20:07:10.248417
223,PABY11,0.1325,,,,,,,,,,,,,2012,0.0000,251.4213,1.7432,190677892.8400,5.4924,1.7432,0.0000,0.0000,0.0000,0.0000,0.0000,0.0000,Fundo de Desenvolvimento,fundo-de-desenvolvimento,15.5,527.09,-25024946.52,0.2271,0.061649510204584895,PABY11,15,4845.2611623042,495,,,,2026-02-13,2026-02-13 20:07:10.248417
3379,PATA11,0.0622,0.6100,0.8200,2.4600,2.4033,14.4200,1.7525,21.0300,0.3922,1.9833,1.0045,10.2400,1.4800,2026,,,,,,,,,,,,,Misto,misto,10.12,18016.83,17240246.71,1.0427,,PATA11,14,10031.010866127,354,,,,2026-02-13,2026-02-13 20:07:10.248417
245,PATB11,3.6861,0.0000,0.0000,0.0000,0.0000,0.0000,0.0000,0.0000,0.0000,,0.0000,,0.0000,2025,,,,,,,,,,,,,Lajes Corporativas,lajes-corporativas,0,,843716726.11,0,,PATB11,3,,1,,,,2026-02-13,2026-02-13 20:07:10.248417
433,PATC11,0.0500,0.1200,0.3600,0.3600,0.7400,0.7400,0.2283,2.7400,-2.0987,-2.2599,-1.9813,41.0500,0.2400,2026,0.1458,34.3000,-55.0988,119269229.1300,-57.0665,-55.0334,0.3891,0.3891,0.8019,0.8019,2.9837,0.2486,Fundo de Desenvolvimento,fundo-de-desenvolvimento,39.78,60484.39,119269229.13,1.1516,1.1597667638483966,PATC11,4,1089.2781958925,4689,,1.175,,2026-02-13,2026-02-13 20:07:10.248417
228,PATL11,0.5700,0.8500,0.9400,2.8200,0.9533,5.7200,1.1100,13.3200,1.0253,8.7352,1.8840,67.0000,1.9100,2026,0.6387,89.2500,-9.0400,445487425.3300,-1.5965,-8.4590,1.8154,0.6051,3.7186,0.6198,7.2607,0.6051,Imóveis Industriais e Logísticos,imoveis-industriais-e-logisticos,66.61,1091041.87,445487425.33,0.7467,0.7463305322128851,PATL11,4,2164.5501958476,25230,,1.13,,2026-02-13,2026-02-13 20:07:10.248417
104,PCAS11,42.8571,0.0000,0.0000,0.0000,0.0000,0.0000,0.0000,0.0000,0.0000,,0.0000,,0.0000,2026,,,,,,,,,,,,,Indefinido,indefinido,0,,262799972.57,0,,PCAS11,4,,100,,,,2026-02-13,2026-02-13 20:07:10.248417
5918,PCIP11,0.8300,0.9700,1.0067,3.0200,1.0733,6.4400,1.1950,14.3400,0.6971,5.6778,1.6738,85.2300,2.0100,2026,,,,,,,,,,,,,Papéis,papeis,83.82,4650844.78,1576200688.24,0.896,,PCIP11,,1383.9355113342,118489,0.90,0.10,,2026-02-13,2026-02-13 20:07:10.248417
6264,PDBM11,1.5952,0.0000,0.0000,0.0000,0.6050,3.6300,0.6050,3.6300,0.0000,,0.0000,,0.0000,2026,,,,,,,,,,,,,Shoppings,shoppings,115,115,38568046.46,1.0114,,PDBM11,1,10159.962272468,121,,,,2026-02-13,2026-02-13 20:07:10.248417
351,PEMA11,0.3097,0.7500,0.7500,0.7500,1.4850,8.9100,1.7425,20.9100,0.0000,,0.0000,41.2500,0.7500,2026,,,,,,,,,,,,,Papéis,papeis,32,3644.08,31739202.19,0.5565,,PEMA11,14,15666.406878022,291,,,,2026-02-13,2026-02-13 20:07:10.248417
3022,PFIN11,0.9000,1.0900,0.8400,2.5200,0.7500,4.5000,0.3750,4.5000,7.1280,8.2957,8.2957,82.5100,1.0900,2026,,,,,,,,,,,,,Indefinido,indefinido,83.5,1538506.48,0,0,,PFIN11,,1672.5120173893,0,,0.60,,2026-02-13,2026-02-13 20:07:10.248417
3020,PICE11,0.5000,1.3900,0.0000,0.0000,0.2317,1.3900,0.2142,2.5700,6.0383,0.0572,7.5122,36.0000,2.5700,2025,,,,,,,,,,,,,Indefinido,indefinido,30.16,114420.3,0,0,,PICE11,,3487.4650237222,0,,1.30,,2026-02-13,2026-02-13 20:07:10.248417
4125,PLAG11,0.4800,0.8200,0.9100,2.7300,0.9450,5.6700,1.0033,12.0400,13.3592,20.9900,14.2888,58.3800,1.7500,2026,,,,,,,,,,,,,Indefinido,indefinido,62,9867246.61,336653760.37,0.9751,,PLAG11,12,1311.9949227119,14697,,1,,2026-02-13,2026-02-13 20:07:10.248417
489,PLCA11,1.0500,1.2800,1.3567,4.0700,1.4033,8.4200,1.3600,16.3200,13.1756,19.0216,14.6243,82.2900,2.6600,2026,1.0437,95.8100,0.0000,53366152.7500,0.0000,0.0000,3.1238,1.0413,5.2136,0.8689,10.6717,0.8893,Indefinido,indefinido,78.73,116061.13,53366152.75,0.83,0.8217305082976725,PLCA11,0,1537.8930735527,2508,,1.15,10,2026-02-13,2026-02-13 20:07:10.248417
423,PLCR11,5.2325,0.0000,0.0000,0.0000,0.0000,0.0000,0.4917,5.9000,0.0000,,0.0000,,8.4800,2025,1.0791,83.4000,-8.0384,175914246.1500,2.3244,-7.0460,3.0519,1.0173,5.9558,0.9926,11.2415,0.9368,Papéis,papeis,78.2,864020,175914246.15,0.9376,0.9376498800959232,PLCR11,1,1528.9694730761,14034,,1.20,,2026-02-13,2026-02-13 20:07:10.248417
344,PLOG11,0.7000,0.9900,1.0167,3.0500,1.0167,6.1000,1.0108,12.1300,2.0127,0.5538,3.0226,70.9600,4.0900,2023,0.7471,100.3948,-0.0245,75296076.0900,8.7653,0.7224,2.2411,0.7470,4.4831,0.7472,,,Imóveis Industriais e Logísticos,imoveis-industriais-e-logisticos,66.71,70165.04,79648071.76,0.629,0.6644766462007992,PLOG11,1,16.625047460129,3284,,,,2026-02-13,2026-02-13 20:07:10.248417
429,PLRI11,0.2515,2.1400,0.7133,2.1400,0.3567,2.1400,0.2967,3.5600,-6.1551,-4.1468,-4.1468,11.7400,2.1400,2026,0.7488,14.6900,-54.3221,14020160.4900,-60.8540,-53.9801,11.6273,3.8758,22.0629,3.6772,37.4708,3.1226,Papéis,papeis,6.03,3310.68,13782851.68,0.5208,0.4104833219877468,PLRI11,1,8345.3747602761,810,,,,2026-02-13,2026-02-13 20:07:10.248417
2847,PMFO11,0.8400,0.0000,0.9500,0.9500,0.9500,0.9500,0.3275,3.9300,0.0000,,0.0000,,0.0000,2026,,,,,,,,,,,,,Misto,misto,91.09,74989.75,89730578.08,1.0043,,PMFO11,14,4491.9358185629,197,,,,2026-02-13,2026-02-13 20:07:10.248417
2966,PMIS11,0.0920,1.0800,1.1933,3.5800,1.1950,7.1700,1.2325,14.7900,-3.7457,12.0500,-2.7062,8.4800,2.3900,2026,,,,,,,,,,,,,Misto,misto,8.33,228657.17,139542314.39,0.8901,,PMIS11,14,2061.7984314727,6702,,1.1,20,2026-02-13,2026-02-13 20:07:10.248417
5396,PMLL11,1.0000,0.9400,0.8667,2.6000,0.8650,5.1900,0.8700,10.4400,1.0452,5.3541,1.9951,106.3400,1.7600,2026,,,,,,,,,,,,,Shoppings,shoppings,106.58,5040094.96,1640312267.29,0.9041,,PMLL11,11,948.86589946661,126272,,0.5,,2026-02-13,2026-02-13 20:07:10.248417
2810,PNCR11,46.0921,0.0000,0.0000,0.0000,0.0000,0.0000,0.1717,2.0600,0.0000,,0.0000,,12.8400,2025,,,,,,,,,,,,,Imóveis Residenciais,imoveis-residenciais,45.2,350700,23037047.12,0.9811,,PNCR11,14,6941.8836649897,112,,,,2026-02-13,2026-02-13 20:07:10.248417
272,PNDL11,3.0000,0.0000,0.0000,0.0000,0.0000,0.0000,0.0000,0.0000,0.0000,,0.0000,,0.0000,2024,,,,,,,,,,,,,Fundo de Desenvolvimento,fundo-de-desenvolvimento,1200,38680800,145021247.08,1.1943,,PNDL11,14,3798.8377302536,50,,,,2026-02-13,2026-02-13 20:07:10.248417
124,PNPR11,19.0500,25.2300,0.0000,0.0000,0.0000,0.0000,0.0000,0.0000,0.0000,,0.0000,75.5000,25.2300,2024,,,,,,,,,,,,,Fundo de Desenvolvimento,fundo-de-desenvolvimento,48,5000064,32692830.57,1.3172,,PNPR11,1,1214.3203434396,16,,,,2026-02-13,2026-02-13 20:07:10.248417
2840,PNRC11,0.2600,0.0000,0.0000,0.0000,0.0000,0.0000,0.0950,1.1400,0.0000,,0.0000,,0.0000,2026,,,,,,,,,,,,,Indefinido,indefinido,61,61,4196318.25,5.9629,,PNRC11,14,8774.3474603121,103,,,,2026-02-13,2026-02-13 20:07:10.248417
300,PORD11,0.1000,1.2200,1.2433,3.7300,1.2517,7.5100,1.2242,14.6900,0.7362,4.2632,1.9652,8.2100,2.4700,2026,1.0692,9.5400,-90.2752,355626443.7000,-89.1112,-90.1713,3.1579,1.0526,6.1056,1.0176,11.6861,0.9738,Papéis,papeis,8.11,938402.74,355626443.7,0.848,0.850104821802935,PORD11,1,1170.1789269072,46605,,0.9,15,2026-02-13,2026-02-13 20:07:10.248417
3028,PPEI11,4.2500,5.0000,1.6667,5.0000,0.8333,5.0000,1.2500,10.0000,-0.0941,25.0953,4.9012,84.9400,10.0000,2025,,,,,,,,,,,,,Indefinido,indefinido,82.15,328851.09,0,0,,PPEI11,,3094.3520365356,0,1,0.10,,2026-02-13,2026-02-13 20:07:10.248417
441,PQAG11,0.4800,0.8700,0.8633,2.5900,0.7150,4.2900,0.8075,9.6900,-1.5456,2.3553,-0.6890,55.4200,1.7200,2026,0.8656,55.4500,-3.1610,775814389.2100,7.3023,-2.3227,2.5784,0.8595,5.1260,0.8543,10.0531,0.8378,Imóveis Industriais e Logísticos,imoveis-industriais-e-logisticos,55.64,2624.95,775528672.25,0.9874,1.0034265103697024,PQAG11,1,4531.2742341377,483,,0.20,,2026-02-13,2026-02-13 20:07:10.248417
196,PQDP11,14.9050,0.6500,0.7000,2.1000,0.7083,4.2500,0.8492,10.1900,-1.7876,-6.4232,-1.1492,2307.0100,1.4000,2026,40.9872,42.8300,-98.6332,638058845.1000,-98.1371,-98.0730,42.0658,14.0219,43.8123,7.3020,47.4494,3.9541,Shoppings,shoppings,2325.16,516019.83,635110455.63,53.9526,54.28811580667756,PQDP11,1,1854.7582207648,3166,,0.23,,2026-02-13,2026-02-13 20:07:10.248417
4220,PRIF11,1.0000,0.0000,0.0000,0.0000,0.0000,0.0000,0.9967,2.9900,0.0000,,0.0000,,2.9900,2025,,,,,,,,,,,,,Indefinido,indefinido,103.45,70087.9,0,0,,PRIF11,,9410.2446399964,0,,,,2026-02-13,2026-02-13 20:07:10.248417
397,PRSV11,14.1000,0.0000,0.0000,0.0000,0.0000,0.0000,0.0000,0.0000,0.0000,,0.0000,,0.0000,2020,0.4448,364.2296,-0.0308,71024775.3100,-3.8098,0.4138,1.5262,0.5087,2.6527,0.4421,5.7282,0.4774,Lajes Corporativas,lajes-corporativas,34,481.76,29576576.23,0.3024,0.09334771254175937,PRSV11,1,10029.307019645,790,,0.375,,2026-02-13,2026-02-13 20:07:10.248417
314,PRTS11,0.0549,0.0000,0.0000,0.0000,0.0000,0.0000,0.0000,0.0000,0.0000,,0.0000,9827.8200,0.0000,2022,,,,,,,,,,,,,Shoppings,shoppings,17396.42,3880575023.7,118155565.38,272.6284,,PRTS11,14,19.795499135202,8102,,,,2026-02-13,2026-02-13 20:07:10.248417
6143,PSEC11,0.6500,1.0100,1.0200,3.0600,1.0800,6.4800,1.1208,13.4500,-0.2795,4.7208,0.7277,64.2200,2.0200,2026,,,,,,,,,,,,,Fundo de Fundos,fundo-de-fundos,63.27,2834477.35,1391026714.74,0.8361,,PSEC11,,1264.1003445507,81610,,0.925,20,2026-02-13,2026-02-13 20:07:10.248417
3236,PULV11,0.7111,0.0000,0.0000,0.0000,0.3700,2.2200,0.8192,9.8300,0.0000,,0.0000,,12.5200,2025,,,,,,,,,,,,,Papéis,papeis,8.72,61949,120562664.39,0.8677,,PULV11,14,2194.0130175265,972,,1.5,20,2026-02-13,2026-02-13 20:07:10.248417
434,PVBI11,0.4500,0.5400,0.5500,1.6500,0.5733,3.4400,0.6225,7.4700,1.8049,5.6622,2.3546,83.4800,1.0900,2026,0.4176,107.7500,4.2170,2923278235.3300,13.5779,4.6523,1.2524,0.4175,2.5973,0.4329,5.5392,0.4616,Lajes Corporativas,lajes-corporativas,78.68,6044184,2923278235.33,0.7477,0.7302088167053364,PVBI11,7,1707.1632222136,166221,0.80,0.20,,2026-02-13,2026-02-13 20:07:10.248417
117,QAMI11,1.0000,1.1700,0.0000,0.0000,0.0000,0.0000,0.0000,0.0000,6.6934,14.2215,7.9417,85.1200,11.3200,2023,1.0776,92.8000,1.4208,74367555.4800,14.5780,2.5137,2.6680,0.8893,5.8207,0.9701,11.4713,0.9559,Papéis,papeis,84.68,67019,118155565.38,1.3271,0.9125000000000001,QAMI11,14,112.81376148702,8102,,,,2026-02-13,2026-02-13 20:07:10.248417
55,QIRI11,89.6379,0.0000,0.0000,0.0000,0.0000,0.0000,0.0000,0.0000,0.0000,,0.0000,,6.9000,2022,100.0311,89.6100,-0.4109,13441852.9500,116.5836,99.2093,101.6033,33.8678,103.9601,17.3267,108.1435,9.0120,Papéis,papeis,78.04,6867.57,118155565.38,1.223,0.8708849458765764,QIRI11,14,9.645270602362,8102,,,,2026-02-13,2026-02-13 20:07:10.248417
3829,QNTS11,0.2300,0.0000,0.0000,0.0000,0.0000,0.0000,0.0000,0.0000,0.0000,,0.0000,,0.0000,2026,,,,,,,,,,,,,Indefinido,indefinido,0,,243102842.27,0,,QNTS11,2,,136,,,,2026-02-13,2026-02-13 20:07:10.248417
169,RBCO11,0.5000,0.0000,0.0000,0.0000,0.0000,0.0000,0.0000,0.0000,0.0000,,0.0000,,0.0000,2023,0.2217,90.2202,1.0273,340942316.6400,-7.0758,1.2512,0.7383,0.2461,1.9677,0.3279,,,Lajes Corporativas,lajes-corporativas,0,,0,0,,RBCO11,,,0,,,,2026-02-13,2026-02-13 20:07:10.248417
120,RBDS11,2.3541,12.6300,0.0000,0.0000,0.0000,0.0000,0.0000,0.0000,0.0000,,0.0000,18.6400,12.6300,2021,0.0000,22.9843,0.0000,2908038.1700,0.0000,0.0000,,,,,,,Fundo de Desenvolvimento,fundo-de-desenvolvimento,2.39,265.38,2388743.13,0.1186,0.10398402387716833,RBDS11,14,14475.517931877,811,,,20,2026-02-13,2026-02-13 20:07:10.248417
407,RBFF11,0.1060,0.0000,0.5800,0.5800,0.2017,1.2100,0.2075,2.4900,0.0000,,0.0000,,0.3800,2026,0.7872,64.7900,1.5040,242923130.8500,9.4734,2.3030,2.4192,0.8064,4.9389,0.8231,10.1697,0.8475,Fundo de Fundos,fundo-de-fundos,10.65,404215.2,242923130.85,0.1698,0.1643772187065905,RBFF11,14,8425.2439742604,25108,,0.78,20,2026-02-13,2026-02-13 20:07:10.248417
6632,RBFY11,0.0700,0.0000,0.0000,0.0000,0.0000,0.0000,0.0000,0.0000,0.0000,,0.0000,,0.0000,2026,,,,,,,,,,,,,Imóveis Residenciais,imoveis-residenciais,71,415.75,92149708.71,0.7473,,RBFY11,2,4645.159000726,82,1,,,2026-02-13,2026-02-13 20:07:10.248417
475,RBGS11,0.1766,0.6200,0.0000,0.0000,0.0000,0.0000,0.0000,0.0000,-1.8966,-1.2883,-1.2883,28.4500,0.6200,2022,0.1762,90.7841,0.0030,97865283.7100,1.1741,0.1792,0.4627,0.1542,,,,,Shoppings,shoppings,28.45,,118155565.38,0.4459,0.31338086735452575,RBGS11,14,,8102,,,,2026-02-13,2026-02-13 20:07:10.248417
186,RBHG11,0.8000,1.1500,1.2133,3.6400,1.2317,7.3900,1.2475,14.9700,4.5345,13.3513,5.7366,69.3900,2.3600,2026,0.9247,86.5100,-6.0491,187558208.4000,4.9390,-5.1803,2.7718,0.9239,5.5402,0.9234,11.1080,0.9257,Papéis,papeis,68.2,233735.09,187841207.55,0.783,0.788348167841868,RBHG11,14,1584.8355111809,7830,0.68,0.12,,2026-02-13,2026-02-13 20:07:10.248417
438,RBHY11,1.0500,1.3100,1.3433,4.0300,1.3800,8.2800,1.4067,16.8800,3.7209,6.3988,5.0797,80.2800,2.6700,2026,1.1444,91.7500,-2.5181,173726452.9900,11.9458,-1.4025,3.4413,1.1471,6.9040,1.1507,13.6980,1.1415,Papéis,papeis,79.35,357200.78,175627987.98,0.8665,0.8648501362397819,RBHY11,14,1381.4326267443,3429,0.88,0.12,10,2026-02-13,2026-02-13 20:07:10.248417
1856,RBIF11,0.9500,1.2200,1.6367,4.9100,1.4867,8.9200,1.4408,17.2900,3.4620,10.7681,4.7242,78.0000,3.6100,2026,,,,,,,,,,,,,Indefinido,indefinido,79,282321.13,0,0,,RBIF11,,1443.7165811691,0,0.80,,,2026-02-13,2026-02-13 20:07:10.248417
367,RBIR11,2.6167,2.8400,1.6733,5.0200,2.3450,14.0700,1.8833,22.6000,0.1412,3.5531,2.9852,92.1800,3.7300,2026,,,,,,,,,,,,,Fundo de Desenvolvimento,fundo-de-desenvolvimento,91.29,222723.78,137022258.2,1.0171,,RBIR11,14,1490.7293921831,1544,,2,20,2026-02-13,2026-02-13 20:07:10.248417
318,RBLG11,0.4000,0.0000,0.2200,0.2200,0.2200,0.2200,0.4808,5.7700,0.0000,,0.0000,,0.2200,2026,0.9340,65.3100,-35.0020,41811013.5700,-32.0020,-34.3949,2.3487,0.7829,4.7683,0.7947,56.8413,4.7368,Imóveis Industriais e Logísticos,imoveis-industriais-e-logisticos,58.04,833.82,42119440.99,0.8822,0.8886847343438983,RBLG11,1,8941.1454585859,240,,1,20,2026-02-13,2026-02-13 20:07:10.248417
1838,RBOP11,0.5500,0.2700,2.3933,7.1800,1.1967,7.1800,0.5983,7.1800,-5.1368,-40.3608,-4.8807,201.1100,7.1800,2026,,,,,,,,,,,,,Lajes Corporativas,lajes-corporativas,207.5,15209.13,75299675.11,0.2816,,RBOP11,2,4227.9762252404,2686,,1.10,20,2026-02-13,2026-02-13 20:07:10.248417
440,RBRD11,0.5500,1.3300,0.5667,1.7000,0.3650,2.1900,0.2708,3.2500,-0.5989,3.9632,0.7231,41.4900,1.5300,2026,0.1273,64.8300,-2.0547,120054419.8700,-3.9078,-1.9300,1.8206,0.6069,4.1286,0.6881,8.8887,0.7407,Varejo,varejo,41.16,124216.13,120054419.87,0.6325,0.6348912540490513,RBRD11,4,1423.9045794339,7519,,0.17,,2026-02-13,2026-02-13 20:07:10.248417
234,RBRF11,0.3306,0.0000,0.0000,0.0000,0.3133,1.8800,0.6308,7.5700,0.0000,,0.0000,,9.4700,2025,1.4002,8.5700,-89.5296,1172603582.6200,-89.3183,-89.3830,2.7851,0.9284,4.8874,0.8146,10.6481,0.8873,Fundo de Fundos,fundo-de-fundos,6.53,2739709,1172603582.62,0.762,0.7619603267211202,RBRF11,1,1434.9236582463,111834,0.8,0.2,20,2026-02-13,2026-02-13 20:07:10.248417
84,RBRI11,103.8197,0.0000,0.0000,0.0000,7.1683,43.0100,6.9958,83.9500,0.0000,,0.0000,,0.0000,2026,,,,,,,,,,,,,Fundo de Desenvolvimento,fundo-de-desenvolvimento,650,452588.2,67910754.48,1.2833,,RBRI11,1,31867.080137428,133,1.5,0.2,,2026-02-13,2026-02-13 20:07:10.248417
304,RBRL11,0.7500,0.8000,0.8267,2.4800,0.8650,5.1900,0.9517,11.4200,0.8977,10.2174,1.7049,93.2900,1.6100,2026,0.7026,106.7400,-0.4848,713744362.6100,8.3676,0.2144,2.1278,0.7093,4.2639,0.7107,8.5316,0.7110,Imóveis Industriais e Logísticos,imoveis-industriais-e-logisticos,91.28,1372068.65,713744362.61,0.8595,0.8551620760727001,RBRL11,6,1689.0471730303,15568,1,0.18,20,2026-02-13,2026-02-13 20:07:10.248417
444,RBRM11,5302.0190,0.0000,0.0000,0.0000,0.0000,0.0000,0.0000,0.0000,0.0000,,0.0000,,0.0000,2024,,,,,,,,,,,,,Fundo de Desenvolvimento,fundo-de-desenvolvimento,94794.81,,2860101.93,17.8791,,RBRM11,14,,54,,,,2026-02-13,2026-02-13 20:07:10.248417
449,RBRP11,0.4000,0.7300,0.7367,2.2100,0.7650,4.5900,0.8292,9.9500,-0.2193,4.5476,0.5091,54.6100,1.4600,2026,0.4888,81.8400,0.1714,996771305.6300,4.6372,0.6610,1.5289,0.5096,3.0941,0.5157,6.4994,0.5416,Lajes Corporativas,lajes-corporativas,53.6,5689654.13,996771305.63,0.6623,0.6549364613880743,RBRP11,6,1786.304633396,57786,1,0.18,20,2026-02-13,2026-02-13 20:07:10.248417
353,RBRR11,0.8000,0.9400,0.9367,2.8100,0.9300,5.5800,1.0608,12.7300,-2.4142,3.4084,-1.4969,85.2900,1.8600,2026,0.8546,93.6100,-0.4890,1525819120.6400,3.3038,0.3614,2.4663,0.8221,5.5131,0.9189,11.5390,0.9616,Papéis,papeis,85.68,5379139.52,1525819120.64,0.9111,0.9152868283303067,RBRR11,3,1054.6589669254,133177,0.80,0.20,20,2026-02-13,2026-02-13 20:07:10.248417
167,RBRS11,0.1100,0.3300,0.3900,1.1700,0.4567,2.7400,0.5042,6.0500,-9.3407,-17.4373,-9.0415,33.0000,0.8000,2026,0.1567,95.7200,1.7324,73177011.3700,7.9937,1.8918,0.8649,0.8649,2.0527,0.3421,2.4929,0.2077,Fundo de Desenvolvimento,fundo-de-desenvolvimento,35,25863.89,73177011.37,0.3461,0.3656498119515253,RBRS11,2,4917.2219888163,908,,,,2026-02-13,2026-02-13 20:07:10.248417
105,RBRX11,0.0900,1.0800,1.1100,3.3300,1.1450,6.8700,1.1542,13.8500,3.3333,4.4493,4.4493,8.3700,1.0800,2026,,,,,,,,,,,,,Indefinido,indefinido,8.62,5118664.26,1450722750.71,0.8729,,RBRX11,14,1206.6685845494,115808,1.30,,20,2026-02-13,2026-02-13 20:07:10.248417
359,RBRY11,1.1500,1.1800,1.2433,3.7300,1.2900,7.7400,1.2908,15.4900,-1.6478,3.2401,-0.4872,97.2900,2.4400,2026,1.2464,100.2900,0.4004,1280696227.3100,6.9050,1.6518,3.7814,1.2605,7.4103,1.2350,13.9756,1.1646,Papéis,papeis,96.81,5870891.04,1280696227.31,0.9701,0.965300628178283,RBRY11,14,963.82638803378,69846,1.1,0.20,20,2026-02-13,2026-02-13 20:07:10.248417
194,RBTS11,7.3419,1.8400,0.6133,1.8400,0.3067,1.8400,1.2108,14.5300,0.0000,,0.0000,399.9900,1.8400,2026,11.8068,337.1400,-69.1766,19057080.6900,-59.0541,-65.5374,27.8450,9.2817,61.3117,10.2186,121.3269,10.1106,Fundo de Desenvolvimento,fundo-de-desenvolvimento,295,1327.4,15830154.63,1.0533,0.875007415317079,RBTS11,14,18211.243430493,127,,1.32,17.50,2026-02-13,2026-02-13 20:07:10.248417
382,RBVA11,0.0900,0.9000,0.8967,2.6900,0.9483,5.6900,1.0458,12.5500,-3.6644,3.5398,-2.7974,9.9900,1.7700,2026,0.8364,10.7600,-90.1627,1680363368.1300,-88.1898,-90.0805,2.5418,0.8473,5.0915,0.8486,9.3988,0.7832,Varejo,varejo,9.9,2275787.3,1680363368.13,0.9173,0.9200743494423792,RBVA11,82,1333.2675526977,89939,,0.65,,2026-02-13,2026-02-13 20:07:10.248417
378,RBVO11,5.6550,106.3000,0.0000,0.0000,0.0000,0.0000,0.0000,0.0000,-80.9251,146.5693,-60.6484,5.3200,168.1300,2024,0.0000,0.0000,-100.0000,0.0000,0.0000,0.0000,0.0000,0.0000,0.0000,0.0000,0.0000,0.0000,Papéis,papeis,5.32,1143.43,2882596.37,0.9517,,RBVO11,14,2.456886732756,6943,0.65,0.10,20,2026-02-13,2026-02-13 20:07:10.248417
259,RCFF11,0.4244,0.0000,0.0000,0.0000,0.6267,3.7600,0.8336,9.1700,0.0000,,0.0000,,0.0000,2026,3.6017,98.5600,7.7512,31856035.9600,12.0052,11.6320,27.2688,9.0896,30.3616,5.0603,33.5693,4.7956,Fundo de Fundos,fundo-de-fundos,90,45.33,31810522.04,0.9144,0.9131493506493507,RCFF11,14,7789.4867769316,129,0.5,0.2,,2026-02-13,2026-02-13 20:07:10.248417
319,RCRB11,1.0700,0.7500,0.7167,2.1500,0.7267,4.3600,0.6692,8.0300,0.6175,11.5172,1.3721,141.7700,1.4200,2026,0.4716,199.3300,-3.8632,735657153.2000,6.0296,-3.4099,1.4206,0.4735,2.5836,0.4306,4.9472,0.4123,Lajes Corporativas,lajes-corporativas,140.67,1119082.83,735657153.2,0.6989,0.7057141423769627,RCRB11,9,2220.0729055377,24381,,0.70,,2026-02-13,2026-02-13 20:07:10.248417
3591,RDCI11,1.4400,0.0000,0.0000,0.0000,0.0000,0.0000,0.0000,0.0000,0.0000,,0.0000,,0.0000,2025,,,,,,,,,,,,,Indefinido,indefinido,0,,252562653.04,0,,RDCI11,14,,117,,,,2026-02-13,2026-02-13 20:07:10.248417
6276,RDIV11,0.4940,0.0000,0.0000,0.0000,0.0000,0.0000,0.0000,0.0000,0.0000,,0.0000,,0.0000,2026,,,,,,,,,,,,,Outros,outros,100,7735786,223537369.2,1.1737,,RDIV11,,24033.266560508,141,1.5,0.2,20,2026-02-13,2026-02-13 20:07:10.248417
3289,RDLI11,10.7100,10.7100,26.5300,26.5300,26.5300,26.5300,26.5300,26.5300,-13.0348,-3.7208,-3.7208,100.0100,10.7100,2026,,,,,,,,,,,,,Lajes Corporativas,lajes-corporativas,115,6776.2,232945405.35,0.9499,,RDLI11,1,6728.1005136648,236,,,,2026-02-13,2026-02-13 20:07:10.248417
3857,RECD11,0.0756,0.9400,5.4833,16.4500,3.2100,19.2600,4.1200,49.4400,-11.0000,11.1832,-10.1634,8.0100,16.4500,2026,,,,,,,,,,,,,Papéis,papeis,7.7,1215.09,44576700.04,0.9412,,RECD11,,16315.893251885,347,,,,2026-02-13,2026-02-13 20:07:10.248417
3849,RECM11,0.1000,1.1800,1.2400,3.7200,1.3383,8.0300,1.3992,16.7900,-2.6406,0.9079,-1.4918,8.4800,2.4400,2026,,,,,,,,,,,,,Papéis,papeis,8.45,18934.39,82296902.13,0.8561,,RECM11,,5007.6747660978,845,,,,2026-02-13,2026-02-13 20:07:10.248417
348,RECR11,0.8276,0.9900,1.0000,3.0000,0.9967,5.9800,1.2000,14.4000,0.3013,7.0883,1.2943,83.2200,1.9700,2026,0.9211,88.9600,-6.6821,2352201318.6300,7.1879,-5.8225,2.6530,0.8843,5.7549,0.9591,13.1032,1.0919,Papéis,papeis,81.77,3230403.13,2352201318.63,0.9113,0.9191771582733813,RECR11,1,1285.9077083365,171742,,0.20,,2026-02-13,2026-02-13 20:07:10.248417
409,RECT11,0.4500,1.1600,1.1800,3.5400,1.1917,7.1500,1.2033,14.4400,-0.4381,6.8417,0.7168,38.6300,2.3200,2026,0.5018,89.6800,-4.2699,766218200.6900,-1.7278,-3.7895,1.4038,0.4679,2.6250,0.4375,4.9898,0.4158,Lajes Corporativas,lajes-corporativas,38.5,725821.7,766218200.69,0.4232,0.42930419268510256,RECT11,9,2093.1206051963,49710,,0.17,,2026-02-13,2026-02-13 20:07:10.248417
214,REIT11,2.7300,0.0000,0.0000,0.0000,0.0000,0.0000,0.0000,0.0000,0.0000,,0.0000,,0.0000,2026,,,,,,,,,,,,,Papéis,papeis,99.27,417.22,8063304.68,0.3237,,REIT11,1,7402.0023604167,60,,,,2026-02-13,2026-02-13 20:07:10.248417
435,RELG11,0.8000,1.2300,1.2333,3.7000,1.2350,7.4100,1.1800,14.1600,-1.1414,3.6780,0.0746,64.9600,2.4500,2026,0.9328,85.7600,-29.7625,114448764.7400,-23.1073,-29.1073,2.7834,0.9278,5.5561,0.9260,9.6471,0.8039,Imóveis Industriais e Logísticos,imoveis-industriais-e-logisticos,64.35,134427.83,114448764.74,0.7353,0.7503498134328357,RELG11,5,2829.4208278579,4078,1,0.175,,2026-02-13,2026-02-13 20:07:10.248417
3482,RENV11,0.0800,1.1400,1.2633,3.7900,1.2233,7.3400,0.7664,8.4300,0.4304,34.6094,1.5753,7.0000,2.2900,2026,,,,,,,,,,,,,Serviços Financeiros Diversos,servicos-financeiros-diversos,7.27,8882.83,14764589.55,0.4917,,RENV11,14,14530.482571303,536,1.13,0.12,20,2026-02-13,2026-02-13 20:07:10.248417
376,RFOF11,0.6500,0.0000,0.0000,0.0000,0.3533,2.1200,0.7500,9.0000,0.0000,,0.0000,,0.0000,2026,0.8846,73.4800,-8.0811,56371251.7800,-6.1472,-7.2680,2.6949,0.8983,5.4801,0.9133,11.1110,0.9259,Fundo de Fundos,fundo-de-fundos,63.84,173508,56371251.78,0.8688,0.8688078388677191,RFOF11,14,2000.5686172366,3284,,,,2026-02-13,2026-02-13 20:07:10.248417
3615,RIFF11,0.0060,0.0800,0.0000,0.0000,0.0000,0.0000,0.4592,5.5100,-1.5048,23.0471,-1.4260,7.2000,8.3900,2025,,,,,,,,,,,,,Indefinido,indefinido,8.08,285524.7,0,0,,RIFF11,,1427.6520007926,0,,0.84,20,2026-02-13,2026-02-13 20:07:10.248417
1842,RINV11,1.3500,1.2400,1.0867,3.2600,1.0750,6.4500,1.0983,13.1800,2.5943,3.8665,3.8665,108.7500,1.2400,2026,,,,,,,,,,,,,Indefinido,indefinido,109.95,608981.52,419914959.88,1.0399,,RINV11,14,1023.0944109132,4170,,1,15,2026-02-13,2026-02-13 20:07:10.248417
349,RMAI11,0.2700,0.0000,0.5200,1.5600,0.6500,3.9000,0.6342,7.6100,0.0000,,0.0000,,0.6100,2026,0.4073,110.4900,2.4383,560580169.1300,5.1445,2.8556,1.2385,0.4128,17.3304,2.8884,20.1648,1.6804,Lajes Corporativas,lajes-corporativas,39.99,42751.5,560577455.58,0.3281,0.361933206625034,RMAI11,2,5534.5684212792,1095,,,,2026-02-13,2026-02-13 20:07:10.248417
173,RNDP11,40.3843,99.6700,0.0000,0.0000,0.0000,0.0000,8.4400,101.2800,-5.6358,309.7228,88.4171,40.5200,145.4000,2025,0.0000,0.0000,-100.0000,0.0000,0.0000,0.0000,0.0000,0.0000,0.0000,0.0000,0.0000,0.0000,Papéis,papeis,40.5,14794,4329855.96,1.0055,,RNDP11,14,3799.2374600763,1292,,,,2026-02-13,2026-02-13 20:07:10.248417
329,RNGO11,0.4800,0.9200,0.6867,2.0600,0.6283,3.7700,0.7350,8.8200,1.4249,3.4869,2.3581,51.9600,1.4900,2026,0.3479,83.3500,-3.7973,223034610.0200,1.0121,-3.4626,1.0436,0.3479,2.0575,0.3429,4.8252,0.4021,Lajes Corporativas,lajes-corporativas,54,88734,223034610.02,0.6473,0.647870425914817,RNGO11,4,1707.0067214876,6892,,0.2,,2026-02-13,2026-02-13 20:07:10.248417
217,ROOF11,13.5493,0.0000,0.0000,0.0000,0.0000,0.0000,1.3250,15.9000,0.0000,,0.0000,,15.9000,2025,,,,,,,,,,,,,Fundo de Desenvolvimento,fundo-de-desenvolvimento,350,350,23180810.88,1.168,,ROOF11,36,8329.9916549006,80,,,,2026-02-13,2026-02-13 20:07:10.248417
106,RPRI11,0.9000,1.0000,1.1667,3.5000,1.1467,6.8800,1.2642,15.1700,5.5159,7.5621,6.5710,90.1000,2.4500,2026,,,,,,,,,,,,,Papéis,papeis,86.8,384315.04,348988500.73,0.8671,,RPRI11,14,1314.4117288067,4459,,1.6,,2026-02-13,2026-02-13 20:07:10.248417
215,RSPD11,93.9528,11.2500,3.8633,11.5900,1.9317,11.5900,1.7392,20.8700,-4.7605,5.9539,5.9539,835.2500,11.5900,2026,0.9818,1130.0991,-1.0846,168368776.6900,-0.1134,-0.1134,,,,,,,Fundo de Desenvolvimento,fundo-de-desenvolvimento,799.88,257105.77,131562647.26,0.9061,0.7077963339675255,RSPD11,14,12760.020206949,174,,,,2026-02-13,2026-02-13 20:07:10.248417
491,RURA11,0.1200,1.3500,1.3100,3.9300,1.3267,7.9600,1.3100,15.7200,1.0239,9.7877,2.3877,8.8800,2.6000,2026,1.0680,10.3000,0.0000,1649333681.2700,0.0000,0.0000,3.2018,1.0673,5.2416,0.8736,8.5739,0.8574,Indefinido,indefinido,8.98,2781226.7,1649333681.27,0.8524,0.8718446601941747,RURA11,0,1184.2706092563,87991,,1,20,2026-02-13,2026-02-13 20:07:10.248417
202,RVBI11,0.6500,1.0100,1.0733,3.2200,1.1033,6.6200,1.1483,13.7800,2.9247,3.9643,3.9643,64.4000,1.0100,2026,0.9430,74.2300,-11.6520,1365872089.1500,-5.2574,-10.8189,2.8408,0.9469,5.6516,0.9419,11.4507,0.9542,Fundo de Fundos,fundo-de-fundos,60.23,604022.78,1365872089.15,0.8716,0.811397009295433,RVBI11,14,18.570749295118,81798,0.80,0.125,20,2026-02-13,2026-02-13 20:07:10.248417
513,RZAG11,0.1200,1.2700,1.3967,4.1900,1.4000,8.4000,1.4742,17.6900,-0.7345,5.3090,0.5261,9.4600,2.8400,2026,1.2847,9.7300,1.8017,661992742.5500,15.9652,3.1095,3.8502,1.2834,7.7215,1.2869,13.9065,1.1589,Indefinido,indefinido,9.1,2239619,661992742.55,0.9301,0.935251798561151,RZAG11,0,1287.6093039042,84992,,1.15,10,2026-02-13,2026-02-13 20:07:10.248417
277,RZAK11,1.1000,1.2900,1.3267,3.9800,1.3783,8.2700,1.4783,17.7400,3.3666,4.7000,4.7000,85.0500,1.2900,2026,1.2401,88.7000,-5.3463,781298042.8900,6.1518,-4.1724,3.7539,1.2513,7.7342,1.2890,16.5148,1.3762,Papéis,papeis,87.19,1691909.65,781298042.89,0.9742,0.9829763246899661,RZAK11,14,699.6139386666,45181,,1.25,15,2026-02-13,2026-02-13 20:07:10.248417
1864,RZAT11,0.9500,1.0500,0.9933,2.9800,1.0533,6.3200,1.1925,14.3100,2.0951,3.1671,3.1671,90.1500,1.0500,2026,,,,,,,,,,,,,Imóveis Industriais e Logísticos,imoveis-industriais-e-logisticos,91.56,670280.91,427425896.49,0.9105,,RZAT11,12,1153.0966894504,34443,,1,20,2026-02-13,2026-02-13 20:07:10.248417
2571,RZEO11,2.2200,0.0000,0.0000,0.0000,0.0000,0.0000,0.0000,0.0000,0.0000,,0.0000,,19.4700,2025,1.1950,185.7800,0.0000,585746899.1300,0.0000,0.0000,4.9882,1.6627,30.2492,5.0415,35.5352,5.9225,Indefinido,indefinido,187.78,3610,585829711.1,1.0106,1.0107654214662505,RZEO11,,5023.8228477451,155,,1.15,20,2026-02-13,2026-02-13 20:07:10.248417
3859,RZLC11,12.5043,1.2300,1.2133,3.6400,1.0483,6.2900,1.1400,13.6800,-0.0099,2.6523,1.2200,1014.3200,2.5200,2026,,,,,,,,,,,,,Papéis,papeis,1005.97,1237891.52,159603949.31,1.0144,,RZLC11,,5197.1578373817,112,,,,2026-02-13,2026-02-13 20:07:10.248417
233,RZTR11,1.0000,1.0100,1.0200,3.0600,1.0633,6.3800,1.1483,13.7800,0.5613,4.0249,1.5770,98.5400,2.0300,2026,1.0569,94.6200,-2.8841,1783796877.1400,9.4094,-1.8577,3.1247,1.0416,6.2709,1.0451,12.8432,1.0703,Misto,misto,96.72,3656936.04,1765815892.73,1.0252,1.0221940393151554,RZTR11,24,994.7952862925,150513,1.25,,20,2026-02-13,2026-02-13 20:07:10.248417
3381,RZZI11,7.1830,0.0000,0.0000,0.0000,0.0000,0.0000,0.0000,0.0000,0.0000,,0.0000,,0.0000,2026,,,,,,,,,,,,,Misto,misto,1000,2000000,146097994.4,0.7635,,RZZI11,1,,116,,,,2026-02-13,2026-02-13 20:07:10.248417
3889,RZZR11,1.2250,0.8800,0.8867,2.6600,0.8917,5.3500,0.8108,9.7300,2.9556,1.8640,3.8616,138.9900,1.7900,2026,,,,,,,,,,,,,Imóveis Industriais e Logísticos,imoveis-industriais-e-logisticos,136.99,24835.05,980016207.14,0.7726,,RZZR11,10,5511.7432242996,530,,0.25,,2026-02-13,2026-02-13 20:07:10.248417
6287,RZZV11,7.2200,0.0000,0.0000,0.0000,0.0000,0.0000,0.0000,0.0000,0.0000,,0.0000,,0.0000,2026,,,,,,,,,,,,,Misto,misto,1050,105000,206967607.58,0.8804,,RZZV11,1,,131,,,,2026-02-13,2026-02-13 20:07:10.248417
445,SALI11,1.7000,0.0000,0.0000,0.0000,0.0000,0.0000,0.0000,0.0000,0.0000,,0.0000,,0.0000,2026,,,,,,,,,,,,,Misto,misto,0,,7493922.78,0,,SALI11,5,,2,,,,2026-02-13,2026-02-13 20:07:10.248417
2968,SAPI11,0.1100,1.1900,1.5633,4.6900,1.4450,8.6700,1.4233,17.0800,0.7609,8.7457,1.9599,9.2700,3.4400,2026,,,,,,,,,,,,,Misto,misto,9.38,287304.35,295803811.35,0.9218,,SAPI11,14,1487.6373627106,13124,,1,,2026-02-13,2026-02-13 20:07:10.248417
279,SARE11,0.0260,0.5700,0.0000,0.0000,0.0000,0.0000,0.2475,2.9700,-1.4989,36.2430,-0.9375,4.6000,4.1800,2025,0.3355,7.7500,-91.7876,715852065.3300,-91.5233,-91.7601,1.0048,0.3349,1.9659,0.3276,3.4855,0.2905,Misto,misto,4.8,348855,464915874.22,0.9543,0.6193548387096774,SARE11,2,2295.9557657074,26586,,1.25,,2026-02-13,2026-02-13 20:07:10.248417
266,SCPF11,0.0180,0.6700,0.6700,0.6700,0.6700,0.6700,0.6700,0.6700,-36.1045,-35.6764,-35.6764,2.6900,0.6700,2026,0.3801,11.8400,1.1102,49708086.7700,-3.0302,1.4944,0.6839,0.2280,1.1030,0.1838,2.2735,0.1895,Shoppings,shoppings,3.08,4447.43,41456151.33,0.305,0.26013513513513514,SCPF11,1,7708.6600998557,4285,,4,,2026-02-13,2026-02-13 20:07:10.248417
195,SDIL11,0.7500,0.7600,0.8300,2.4900,0.8700,5.2200,0.8558,10.2700,2.0412,10.5144,2.8168,98.9800,6.1200,2023,0.8339,98.3300,-0.2174,628810333.3800,9.8640,0.6147,2.4359,0.8120,4.7361,0.7894,,,Imóveis Industriais e Logísticos,imoveis-industriais-e-logisticos,96.5,1030917.86,612048658.06,1.0144,0.9813891996338859,SDIL11,5,14.97024845606,63292,,0.84,,2026-02-13,2026-02-13 20:07:10.248417
91,SEED11,0.8900,0.0000,0.0000,0.0000,0.0000,0.0000,0.3208,3.8500,0.0000,,0.0000,,0.0000,2026,,,,,,,,,,,,,Indefinido,indefinido,98.34,200,147788152.52,1.1086,,SEED11,14,3049.6180288867,131,,,,2026-02-13,2026-02-13 20:07:10.248417
256,SEQR11,0.5823,1.0500,1.0833,3.2500,1.1383,6.8300,1.2192,14.6300,3.2420,8.6305,4.3261,55.4100,2.1300,2026,0.6173,94.3300,0.6079,157126762.1600,7.1597,1.2290,1.8631,0.6210,3.7452,0.6242,7.4871,0.6239,Misto,misto,55.23,42928,161951312.3,0.5697,0.5854977207675183,SEQR11,4,1826.9101922909,4434,,1.24,20,2026-02-13,2026-02-13 20:07:10.248417
442,SHOP11,6.7510,0.0000,0.0000,0.0000,0.0000,0.0000,0.0000,0.0000,0.0000,,0.0000,,0.0000,2022,,,,,,,,,,,,,Shoppings,shoppings,55,55,77442255.55,1.746,,SHOP11,1,20990.26746032,92,,,,2026-02-13,2026-02-13 20:07:10.248417
418,SHPH11,5.3000,0.5800,0.4667,1.4000,0.4917,2.9500,0.7450,8.9400,-3.4418,4.4933,-2.8817,911.5000,0.9500,2026,0.3867,1034.3800,15.6792,629882731.3200,21.8457,16.1265,1.3256,0.4419,2.8682,0.4780,8.1441,0.6787,Shoppings,shoppings,940,43673.17,629823046.51,0.9088,0.9087569365223611,SHPH11,1,3153.3454427641,2074,,0.20,,2026-02-13,2026-02-13 20:07:10.248417
5517,SHPP11,0.0500,0.0000,0.4400,0.4400,0.2367,1.4200,0.4900,3.4300,0.0000,,0.0000,,0.0000,2026,,,,,,,,,,,,,Shoppings,shoppings,9.95,1144.87,443498632.54,0.9852,,SHPP11,,4550.1215358858,130,,,,2026-02-13,2026-02-13 20:07:10.248417
108,SHSO11,0.4200,0.0000,0.0000,0.0000,0.0000,0.0000,0.0000,0.0000,0.0000,,0.0000,,0.0000,2024,,,,,,,,,,,,,Indefinido,indefinido,0,,118155565.38,0,,SHSO11,14,,8102,,,,2026-02-13,2026-02-13 20:07:10.248417
109,SIGR11,1.2950,0.0000,0.0000,0.0000,0.0000,0.0000,0.0000,0.0000,0.0000,,0.0000,,1.3200,2024,,,,,,,,,,,,,Indefinido,indefinido,99.9,100,185921831.3,10.6277,,SIGR11,14,1.554727816814,9946,,,,2026-02-13,2026-02-13 20:07:10.248417
178,SJAU11,20.1303,231.6500,0.0000,0.0000,0.0000,0.0000,424.1050,848.2100,58.2878,424.9615,424.9615,8.6900,848.2100,2025,,,,,,,,,,,,,Imóveis Industriais e Logísticos,imoveis-industriais-e-logisticos,0.79,8693.57,11832389.44,0.5302,,SJAU11,14,246006.43736505,900,,,,2026-02-13,2026-02-13 20:07:10.248417
3472,SMRE11,1.0211,1.5000,1.5167,4.5500,1.4233,8.5400,1.3617,16.3400,1.6418,1.7589,3.1664,68.1000,3.0800,2026,,,,,,,,,,,,,Incorporações,incorporacoes,64.6,370792.65,105395912.24,0.6154,,SMRE11,14,4427.3366948375,1233,0.78,0.22,,2026-02-13,2026-02-13 20:07:10.248417
555,SNAG11,0.1300,1.1500,1.2133,3.6400,1.2350,7.4100,1.2467,14.9600,3.7753,4.9687,4.9687,11.2700,1.1500,2026,1.2597,10.3200,-89.8099,626987549.4200,-89.3444,-89.6815,3.5955,1.1985,6.8036,1.1339,13.1701,1.0975,Papéis,papeis,11,2289895.7,626987549.42,1.0707,1.065891472868217,SNAG11,0,755.29116015175,118613,8,0.07,,2026-02-13,2026-02-13 20:07:10.248417
236,SNCI11,1.0000,1.1400,1.1933,3.5800,1.2067,7.2400,1.2133,14.5600,5.8447,7.0513,7.0513,87.6500,1.1400,2026,1.0116,98.8500,1.4887,415173429.8500,12.6550,2.5154,3.0629,1.0210,6.1417,1.0236,12.3337,1.0278,Papéis,papeis,89.87,1086115.09,415173429.85,0.8992,0.9091552857865454,SNCI11,14,1435.9649568987,36123,0.70,0.15,,2026-02-13,2026-02-13 20:07:10.248417
497,SNEL11,0.1000,0.0000,0.7700,2.3100,0.9750,5.8500,1.1083,13.3000,0.0000,,0.0000,,1.1400,2026,,,,,,,,,,,,,Fundo de Desenvolvimento,fundo-de-desenvolvimento,8.59,2834961.96,909373685.25,1.0438,,SNEL11,14,725.94382005268,63023,1.08,0.12,20,2026-02-13,2026-02-13 20:07:10.248417
53,SNFF11,0.8000,1.0100,1.3367,4.0100,1.2867,7.7200,1.1858,14.2300,6.7248,7.8028,7.8028,79.5100,1.0100,2026,1.2661,86.8800,-1.8416,349320240.0600,1.0619,-0.5988,3.8723,1.2908,6.4749,1.0792,11.7459,0.9788,Fundo de Fundos,fundo-de-fundos,77.39,625453.78,349320240.06,0.9068,0.8907688766114181,SNFF11,14,1451.9737687526,26689,,0.73,10,2026-02-13,2026-02-13 20:07:10.248417
3385,SNFZ11,0.1000,1.0200,1.0167,3.0500,1.0367,6.2200,0.8942,10.7300,-0.4061,0.6098,0.6098,9.8100,1.0200,2026,1.0091,9.9100,0.0000,61440526.3000,0.0000,0.0000,3.0303,1.0101,5.6843,0.9474,9.3806,0.7817,Misto,misto,9.75,286474.26,113888407.71,0.9869,0.9838546922300706,SNFZ11,,2092.6041456089,5426,0.87,0.13,20,2026-02-13,2026-02-13 20:07:10.248417
1836,SNID11,0.1300,1.1400,1.1567,3.4700,1.1817,7.0900,1.2175,14.6100,-3.5593,-2.4599,-2.4599,11.3800,1.1400,2026,,,,,,,,,,,,,Indefinido,indefinido,11.04,185689.57,0,0,,SNID11,,1837.1307212394,0,0.85,0.10,,2026-02-13,2026-02-13 20:07:10.248417
1846,SNLG11,0.8400,8400.0000,0.0000,0.0000,0.0000,0.0000,700.0000,8400.0000,-96.7742,457.5150,174.1935,0.0100,8496.7700,2025,,,,,,,,,,,,,Imóveis Industriais e Logísticos,imoveis-industriais-e-logisticos,1.24,59123,1295190.98,3.2632,,SNLG11,6,222461.64165697,9307,,1,,2026-02-13,2026-02-13 20:07:10.248417
3079,SNME11,0.1500,1.5300,1.5467,4.6400,1.4417,8.6500,1.3592,16.3100,1.3416,2.8921,2.8921,9.8200,1.5300,2026,,,,,,,,,,,,,Indefinido,indefinido,9.66,435430.61,71320446,1.0166,,SNME11,2,1428.0365191827,5334,0.79,0.20,20,2026-02-13,2026-02-13 20:07:10.248417
6293,SOFF11,1.0000,0.0000,0.0000,0.0000,0.0000,0.0000,0.0000,0.0000,0.0000,,0.0000,,0.0000,2025,,,,,,,,,,,,,Misto,misto,110,72.67,188370050.91,1.0715,,SOFF11,,5895.3271961627,304,,,,2026-02-13,2026-02-13 20:07:10.248417
206,SOLR11,4.7708,0.0000,0.0000,0.0000,0.0000,0.0000,0.0000,0.0000,0.0000,,0.0000,,0.0000,2023,,,,,,,,,,,,,Imóveis Comerciais - Outros,imoveis-comerciais-outros,1051.35,4931882,60270034.5,1.1432,,SOLR11,1,121.74978603183,1,,,,2026-02-13,2026-02-13 20:07:10.248417
2851,SPDE11,28.0000,0.0000,0.0000,0.0000,0.0000,0.0000,0.3525,4.2300,0.0000,,0.0000,,0.0000,2026,,,,,,,,,,,,,Indefinido,indefinido,1266.67,2533.3,155046292.89,0.7337,,SPDE11,14,5698.6222574564,120,,,,2026-02-13,2026-02-13 20:07:10.248417
2818,SPMO11,0.4300,0.0000,0.0000,0.0000,0.0000,0.0000,0.0000,0.0000,0.0000,,0.0000,,0.0000,2022,,,,,,,,,,,,,Indefinido,indefinido,122,71882.4,233856020.32,0.9463,,SPMO11,14,3007.8125,15,,,,2026-02-13,2026-02-13 20:07:10.248417
207,SPTW11,0.4500,1.0800,1.3067,3.9200,1.2583,7.5500,1.2917,15.5000,12.4291,16.1118,13.6433,41.6100,2.7000,2026,0.8310,54.1500,-2.8525,97359161.2800,12.4769,-2.0452,2.2612,0.7537,4.4641,0.7440,8.8396,0.7366,Lajes Corporativas,lajes-corporativas,40.74,102607.91,97359161.28,0.7428,0.7523545706371192,SPTW11,1,1622.4063327364,17812,,0.25,,2026-02-13,2026-02-13 20:07:10.248417
294,SPVJ11,0.1184,0.0000,0.0000,0.0000,0.0000,0.0000,0.0000,0.0000,0.0000,,0.0000,,0.0000,2026,0.6363,24.3600,-79.0434,153779912.1900,-75.4933,-78.9100,1.9356,0.6452,4.0241,0.6707,7.4508,0.6209,Shoppings,shoppings,0,,153858012.48,0,,SPVJ11,14,,24,,0.20,,2026-02-13,2026-02-13 20:07:10.248417
85,SPXS11,0.0920,1.0400,1.1567,3.4700,1.2283,7.3700,1.2400,14.8800,-3.0769,6.6665,-2.0689,8.8200,2.1800,2026,,,,,,,,,,,,,Indefinido,indefinido,8.81,519924.39,191673572.26,0.9073,,SPXS11,14,1434.4898089247,19939,,0.80,20,2026-02-13,2026-02-13 20:07:10.248417
122,SRVD11,0.2000,2.2900,0.0000,0.0000,0.0000,0.0000,0.0000,0.0000,-9.7938,-7.7281,-7.7281,8.7500,3.3000,2022,16.8728,1.1853,-0.1136,114131701.2300,25.6393,16.7400,,,,,,,Indefinido,indefinido,3,233.91,15907185.35,17.6471,2.531004808909137,SRVD11,14,375.97518630918,106,,,,2026-02-13,2026-02-13 20:07:10.248417
189,STRX11,0.8200,0.0000,0.0000,0.0000,0.6500,0.6500,0.1900,2.2800,0.0000,,0.0000,,0.0000,2026,0.6345,152.8700,3.0677,246656783.1100,16.2931,3.7217,1.8948,0.6316,3.7969,0.6328,7.6230,0.6353,Fundo de Desenvolvimento,fundo-de-desenvolvimento,140.16,142,246656783.11,0.9169,0.9168574605874272,STRX11,3,1719.9790810946,111,,,,2026-02-13,2026-02-13 20:07:10.248417
6300,SURE11,0.6000,0.0000,0.0000,0.0000,0.0000,0.0000,0.0000,0.0000,0.0000,,0.0000,,0.0000,2026,,,,,,,,,,,,,Indefinido,indefinido,0,,111992758.42,0,,SURE11,,,1,,,,2026-02-13,2026-02-13 20:07:10.248417
146,TCPF11,1.3100,0.0000,0.0000,0.0000,0.0000,0.0000,0.0000,0.0000,0.0000,,0.0000,,0.0000,2024,,,,,,,,,,,,,Misto,misto,39.53,,30273863.83,0.3893,,TCPF11,14,,48,,,,2026-02-13,2026-02-13 20:07:10.248417
2819,TELM11,0.1000,1.0000,1.9200,5.7600,1.5650,9.3900,1.0517,12.6200,0.0000,5.8645,1.0000,10.0000,5.7600,2026,,,,,,,,,,,,,Indefinido,indefinido,9.88,21338.52,31517396.18,0.9833,,TELM11,2,6350.5472697469,164,,,,2026-02-13,2026-02-13 20:07:10.248417
237,TEPP11,0.0750,0.8600,0.8633,2.5900,0.8950,5.3700,1.0658,12.7900,0.6912,4.5997,1.5572,8.7400,1.7200,2026,0.7520,9.8400,-89.7200,487996355.1000,-88.4402,-89.6427,1.5828,0.5276,4.4123,0.7354,9.9495,0.8291,Lajes Corporativas,lajes-corporativas,9.09,3173680.43,474009318.45,0.9455,0.9237804878048781,TEPP11,5,1244.5715404798,29878,0.9,0.13,,2026-02-13,2026-02-13 20:07:10.248417
431,TGAR11,0.7100,0.9100,1.0467,3.1400,1.1250,6.7500,1.1783,14.1400,-15.8602,-8.5216,-15.0945,78.2500,1.9900,2026,0.9371,106.7100,-16.4893,2515008519.2900,-6.0089,-15.7067,2.7904,0.9301,5.5281,0.9214,10.9292,0.9108,Fundo de Desenvolvimento,fundo-de-desenvolvimento,80.15,11857797.3,2674085772.83,0.7054,0.7511011151719615,TGAR11,9,2398.5008387201,151072,1.28,0.22,30,2026-02-13,2026-02-13 20:07:10.248417
111,TJKB11,2.9000,1.1300,1.1200,3.3600,1.1583,6.9500,1.2175,14.6100,-4.8222,-3.7467,-3.7467,256.9800,1.1300,2026,,,,,,,,,,,,,Indefinido,indefinido,254.99,83275.09,336740617.68,0.888,,TJKB11,9,4760.0605314773,527,,0.60,,2026-02-13,2026-02-13 20:07:10.248417
2442,TMPS11,0.8500,0.9800,1.0200,3.0600,1.0483,6.2900,1.0692,12.8300,0.9215,9.1208,1.9105,86.5200,2.0100,2026,,,,,,,,,,,,,Fundo de Fundos,fundo-de-fundos,84.99,279262.87,95713383.25,0.8777,,TMPS11,14,1670.9948067209,1891,,0.90,20,2026-02-13,2026-02-13 20:07:10.248417
3861,TOPP11,0.8400,1.1300,1.1800,3.5400,1.2250,7.3500,1.2583,15.1000,5.1795,6.3680,6.3680,74.1200,1.1300,2026,,,,,,,,,,,,,Imóveis Comerciais - Outros,imoveis-comerciais-outros,73.92,931909.09,480413559.87,0.708,,TOPP11,2,1581.1422488251,4715,,,,2026-02-13,2026-02-13 20:07:10.248417
411,TORD11,0.0060,0.3300,0.3900,1.1700,0.3567,2.1400,0.4150,4.9800,-8.6294,-12.8634,-8.3279,1.8000,0.6900,2026,0.3587,13.9400,8.2298,488775081.2500,12.4789,8.6180,1.0267,0.3422,2.5859,0.4310,6.7708,0.5642,Misto,misto,1.67,32082.48,212583174.34,0.0485,0.11979913916786226,TORD11,2,2772.7941260934,46674,,1.5,20,2026-02-13,2026-02-13 20:07:10.248417
2764,TRBL11,0.7000,0.9900,0.9000,2.7000,0.9283,5.5700,0.9725,11.6700,1.9537,11.7794,2.9630,70.4500,1.7600,2026,,,,,,,,,,,,,Imóveis Industriais e Logísticos,imoveis-industriais-e-logisticos,70.48,808417.17,637120739.38,0.8446,,TRBL11,5,2279.1323644885,45550,,0.84,,2026-02-13,2026-02-13 20:07:10.248417
333,TRNT11,0.0700,0.0600,0.0000,0.0000,0.0000,0.0000,0.0000,0.0000,0.0000,,0.0000,112.6800,0.7100,2024,0.0354,197.6400,0.3809,777840917.5300,-0.8667,0.4165,0.2255,0.0752,0.5266,0.0878,1.5015,0.1251,Lajes Corporativas,lajes-corporativas,94,62529.11,643666521.5,0.5735,0.47561222424610405,TRNT11,1,3319.8622309073,511,,0.75,,2026-02-13,2026-02-13 20:07:10.248417
456,TRXB11,3.0000,1.7100,2.7167,8.1500,2.1250,12.7500,1.5825,18.9900,3.6649,13.2659,5.4376,175.0900,4.1100,2026,,,,,,,,,,,,,Fundo de Desenvolvimento,fundo-de-desenvolvimento,175,5904038.35,380245915.9,1.7732,,TRXB11,12,6083.2055239948,604,,,,2026-02-13,2026-02-13 20:07:10.248417
280,TRXF11,0.9300,0.9700,0.9700,2.9100,0.9633,5.7800,1.0192,12.2300,-2.6335,-3.9225,-1.6890,95.3900,1.9900,2026,0.9028,103.0100,-2.3139,3347054221.0200,14.3822,-1.4320,2.7408,0.9136,6.0689,1.0115,13.0700,1.0892,Imóveis Comerciais - Outros,imoveis-comerciais-outros,93.3,23028275.17,3347054221.02,0.9018,0.9057373070575672,TRXF11,52,971.86471257378,217198,1,,20,2026-02-13,2026-02-13 20:07:10.248417
3845,TRXY11,0.1100,1.1600,1.2400,3.7200,1.2283,7.3700,1.2525,15.0300,-2.0619,7.8513,-0.9258,9.5000,2.5000,2026,,,,,,,,,,,,,Outros,outros,9.56,69916.26,147313137.4,1.0336,,TRXY11,,3116.0377169339,997,,1,20,2026-02-13,2026-02-13 20:07:10.248417
290,TSER11,1.0100,0.0000,0.0000,0.0000,0.0000,0.0000,0.1633,1.9600,0.0000,,0.0000,,0.0000,2026,,,,,,,,,,,,,Lajes Corporativas,lajes-corporativas,97,194,143810780.96,1.002,,TSER11,1,2243.5988196587,19,,,,2026-02-13,2026-02-13 20:07:10.248417
2970,TVRI11,1.0500,1.0100,1.0500,3.1500,1.1000,6.6000,1.1617,13.9400,3.4335,10.7796,4.4782,103.9300,2.0500,2026,,,,,,,,,,,,,Agências de Bancos,agencias-de-bancos,98.45,1081889,1661003760.44,0.9421,,TVRI11,57,1144.1817366202,60159,,0.28,,2026-02-13,2026-02-13 20:07:10.248417
3600,URHF11,1.0500,1.4200,1.5000,4.5000,1.5033,9.0200,1.5300,18.3600,5.7286,2.4320,7.2299,74.0100,2.9500,2026,,,,,,,,,,,,,Outros,outros,73.8,11201.48,10605313.89,0.7689,,URHF11,14,5486.0453800822,288,,1.25,20,2026-02-13,2026-02-13 20:07:10.248417
123,URPR11,0.3500,0.9000,0.9767,2.9300,1.0383,6.2300,1.1600,13.9200,2.3603,26.1701,3.2816,39.0300,1.8200,2026,0.3390,103.2600,4.5036,1211591957.5700,29.7954,4.8578,1.0905,0.3635,2.3304,0.3884,6.7914,0.5659,Papéis,papeis,38.85,931012,1211591957.57,0.3604,0.37623474723997674,URPR11,14,2748.7260012243,63411,0.95,0.25,20,2026-02-13,2026-02-13 20:07:10.248417
3611,VANG11,1.0000,0.0000,0.0000,0.0000,0.0000,0.0000,0.3333,3.0000,0.0000,,0.0000,,4.9800,2025,,,,,,,,,,,,,Indefinido,indefinido,100.57,5804,0,0,,VANG11,,3858.8835089929,0,,,,2026-02-13,2026-02-13 20:07:10.248417
244,VCJR11,0.8800,1.0900,1.0167,3.0500,1.0967,6.5800,1.2533,15.0400,-0.7626,8.3345,0.3191,80.6800,2.0400,2026,0.8140,94.6000,0.3714,1392830610.9600,14.1144,1.1883,2.6932,0.8977,5.5395,0.9232,12.4877,1.0406,Papéis,papeis,81.07,2215041.96,1392830610.96,0.8775,0.8569767441860465,VCJR11,14,1334.310128033,27120,,1.60,,2026-02-13,2026-02-13 20:07:10.248417
549,VCRA11,0.9500,1.3900,1.4333,4.3000,1.5450,9.2700,1.5208,18.2500,6.3218,11.8447,7.7997,68.4500,2.8700,2026,0.8779,102.5200,0.1322,470988060.4000,2.4912,1.0113,2.8412,0.9471,4.6990,0.7832,9.4624,0.7885,Indefinido,indefinido,67.27,573726.7,470988060.4,0.6538,0.6561646507998439,VCRA11,0,1774.7875762608,9767,,1.30,,2026-02-13,2026-02-13 20:07:10.248417
113,VCRI11,0.0900,1.1500,1.2333,3.7000,1.2567,7.5400,1.3317,15.9800,5.4054,13.1826,6.6176,7.8000,2.4300,2026,0.9474,9.5000,0.5291,195238576.9600,3.2828,1.4815,2.8582,0.9527,5.9539,0.9923,11.5904,0.9659,Papéis,papeis,7.59,237763.13,195238576.96,0.8021,0.7989473684210526,VCRI11,14,1850.3946368899,13388,,0.95,20,2026-02-13,2026-02-13 20:07:10.248417
404,VCRR11,0.4000,0.5900,0.6800,2.0400,0.7217,4.3300,0.7908,9.4900,-0.6348,-2.5319,-0.0485,67.3100,1.3300,2026,0.4755,105.1600,-17.9975,210326815.2400,-5.6069,-17.6076,1.2686,0.4229,2.4547,0.4091,4.8862,0.4072,Imóveis Residenciais,imoveis-residenciais,65.01,283694.83,210326815.24,0.6219,0.6182008368200838,VCRR11,4,2328.9295325265,3087,,0.80,15,2026-02-13,2026-02-13 20:07:10.248417
384,VGHF11,0.0700,0.9800,0.9800,2.9400,1.0217,6.1300,1.1542,13.8500,-0.8299,3.2556,0.1420,7.1700,1.9500,2026,0.8074,8.6700,-5.3493,1428102142.8400,7.6599,-4.5852,2.5601,0.8534,5.8419,0.9736,12.2117,1.0176,Misto,misto,7.17,3241319.04,1428102142.84,0.8212,0.8269896193771626,VGHF11,14,1178.9483433041,386781,0.90,,20,2026-02-13,2026-02-13 20:07:10.248417
534,VGIA11,0.1400,1.4100,1.4767,4.4300,1.4783,8.8700,1.5017,18.0200,1.2195,2.6467,2.6467,9.9600,1.4100,2026,1.4403,9.7200,2.0087,840053353.3800,11.9028,3.4780,4.4177,1.4726,8.3964,1.3994,15.6943,1.3079,Indefinido,indefinido,9.99,1954953.43,840053353.38,1.0586,1.0277777777777777,VGIA11,0,1236.3420124464,170224,1.15,,10,2026-02-13,2026-02-13 20:07:10.248417
3261,VGII11,0.6500,0.0000,0.0000,0.0000,0.0000,0.0000,0.4442,5.3300,0.0000,,0.0000,,0.0000,2026,,,,,,,,,,,,,Tecidos. Vestuário e Calçados,tecidos-vestuario-e-calcados,72.84,145,37667403.4,1.0033,,VGII11,14,5389.7450019822,8,,,,2026-02-13,2026-02-13 20:07:10.248417
118,VGIP11,0.7100,0.8700,0.9700,2.9100,0.9733,5.8400,1.2433,14.9200,3.4395,4.3394,4.3394,81.5000,0.8700,2026,1.0185,90.3300,-0.1216,1064701931.6800,9.6752,0.8956,2.5696,0.8565,5.7640,0.9607,13.0183,1.0849,Papéis,papeis,78.01,2186139.48,1064701931.68,0.8984,0.863611203365438,VGIP11,14,1414.2152581607,84201,,1,20,2026-02-13,2026-02-13 20:07:10.248417
47,VGIR11,0.1300,1.3300,1.3600,4.0800,1.4017,8.4100,1.3825,16.5900,2.2989,3.6594,3.6594,9.7900,1.3300,2026,1.3238,9.8200,1.8672,1434329594.8400,-88.6389,3.2158,3.9769,1.3256,7.9684,1.3281,15.0411,1.2534,Papéis,papeis,9.75,6002696.87,1434329594.84,0.999,0.9928716904276985,VGIR11,1,859.64081699677,257056,0.80,0.20,20,2026-02-13,2026-02-13 20:07:10.248417
3383,VGRI11,0.1200,1.3800,1.4533,4.3600,1.4500,8.7000,1.5825,18.9900,4.4311,15.4136,5.8723,8.7200,2.8200,2026,,,,,,,,,,,,,Misto,misto,8.14,813972.26,291934586.8,0.9832,,VGRI11,5,1778.2760072592,23157,,1.30,,2026-02-13,2026-02-13 20:07:10.248417
135,VIDS11,16.0588,0.0000,0.0000,0.0000,0.0000,0.0000,0.0000,0.0000,0.0000,,0.0000,,0.0000,2025,,,,,,,,,,,,,Fundo de Desenvolvimento,fundo-de-desenvolvimento,915.64,,75513802.97,1.1471,,VIDS11,14,0.417784088123,199,,,,2026-02-13,2026-02-13 20:07:10.248417
342,VIFI11,0.0700,1.0100,0.0000,0.0000,0.0000,0.0000,0.0842,1.0100,-7.5697,5.1450,-6.6362,6.9600,3.0000,2025,0.8783,7.9700,-9.9435,64507809.2400,-72.2177,-9.1525,2.6310,0.8770,5.1214,0.8536,10.0227,0.8352,Fundo de Fundos,fundo-de-fundos,6.96,30.26,64507809.24,0.8733,0.8732747804265998,VIFI11,14,1136.844114924,5521,,0.95,20,2026-02-13,2026-02-13 20:07:10.248417
3030,VIGT11,0.2400,0.5400,0.5300,1.5900,0.4817,2.8900,0.4275,5.1300,-1.1556,6.5337,-0.6218,44.4800,1.0700,2026,,,,,,,,,,,,,,,43.66,495100.04,0,0,,VIGT11,,3042.2297008908,0,,1.5,0,2026-02-13,2026-02-13 20:07:10.248417
386,VILG11,0.8000,0.7800,0.7600,2.2800,0.7967,4.7800,0.8308,9.9700,3.1658,9.7359,3.9705,102.6500,1.5200,2026,0.6356,113.2800,0.8996,1698931170.8000,7.8201,1.5409,1.9086,0.6362,3.8100,0.6350,7.3448,0.6121,Imóveis Industriais e Logísticos,imoveis-industriais-e-logisticos,101.49,3143031.35,1698931170.8,0.8812,0.8959216101694915,VILG11,14,1445.6810549608,142566,,,,2026-02-13,2026-02-13 20:07:10.248417
182,VINO11,0.0450,0.8200,0.9133,2.7400,0.9633,5.7800,1.0667,12.8000,7.3930,7.0333,8.2736,5.5200,1.7900,2026,0.5071,9.8600,-81.9909,816316591.7800,-80.8228,-81.8995,1.5016,0.5005,3.3233,0.5539,6.2384,0.5199,Lajes Corporativas,lajes-corporativas,5.51,1285635.52,816316591.78,0.5629,0.5588235294117647,VINO11,9,1732.9965106434,136047,,1.10,20,2026-02-13,2026-02-13 20:07:10.248417
278,VISC11,0.8400,0.7700,0.7500,2.2500,0.7583,4.5500,0.7867,9.4400,0.2384,1.2563,1.0103,109.3000,1.5100,2026,0.6865,117.9900,-4.7161,3401483209.0900,10.2360,-4.0620,2.0010,0.6670,3.9686,0.6614,7.8214,0.6518,Shoppings,shoppings,108.31,6653446,3401483209.09,0.9153,0.9179591490804306,VISC11,30,1116.0111367624,336893,1.05,,,2026-02-13,2026-02-13 20:07:10.248417
410,VIUR11,0.2067,3.3800,1.9867,5.9600,1.6100,9.6600,1.4625,17.5500,-0.9709,9.3350,2.3763,6.1200,4.8200,2026,0.8292,8.0800,-12.1739,217777994.3500,-90.7694,-11.4457,2.3934,0.7978,4.6932,0.7822,9.2649,0.7721,Misto,misto,5.83,473522.52,217777994.35,0.7191,0.7215346534653465,VIUR11,7,2020.8688271318,40863,,0.95,20,2026-02-13,2026-02-13 20:07:10.248417
312,VJFD11,0.8500,0.0000,0.0000,0.0000,0.0000,0.0000,0.1217,1.4600,0.0000,,0.0000,,0.0000,2026,0.4801,170.8000,25.5236,832834160.3200,33.4013,26.1263,1.4798,0.4933,2.9988,0.4998,5.7584,0.4799,Papéis,papeis,148.01,2664,832834160.32,0.8666,0.8665690866510537,VJFD11,39,685.12170774915,104,,,,2026-02-13,2026-02-13 20:07:10.248417
114,VLIQ11,5.0419,0.0000,0.0000,0.0000,0.0000,0.0000,0.0000,0.0000,0.0000,,0.0000,,0.0000,2022,,,,,,,,,,,,,Indefinido,indefinido,0,,118155565.38,0,,VLIQ11,14,,8102,,,,2026-02-13,2026-02-13 20:07:10.248417
285,VLOL11,16.3034,0.0000,0.0000,0.0000,0.0000,0.0000,0.0000,0.0000,0.0000,,0.0000,,1.9900,2023,0.5493,111.0600,-0.1439,198219080.1500,14.1131,0.4046,1.2487,0.4162,2.9338,0.4890,6.3606,0.5300,Lajes Corporativas,lajes-corporativas,88,160238.13,118155565.38,1.3791,0.7923644876643255,VLOL11,14,9.894248404735,8102,,,,2026-02-13,2026-02-13 20:07:10.248417
235,VOTS11,0.7100,0.8900,1.1033,3.3100,0.7250,4.3500,0.7908,9.4900,3.8175,7.5173,4.7415,79.4100,2.4800,2026,1.3013,93.7500,0.4931,77620296.7700,10.9502,1.8008,2.6428,0.8809,4.8944,0.8157,8.8668,0.7389,Papéis,papeis,80.41,1703.9,77620296.77,0.8577,0.8577066666666666,VOTS11,14,4691.4958553023,545,,,,2026-02-13,2026-02-13 20:07:10.248417
4124,VPPR11,0.0700,0.5300,0.0000,0.0000,0.0000,0.0000,0.0000,0.0000,-10.7410,-10.2679,-10.2679,13.1300,0.5300,2025,,,,,,,,,,,,,Lajes Corporativas,lajes-corporativas,21.95,114024.78,303291670.29,0.5145,,VPPR11,2,1892.7765901543,32658,,0.95,20,2026-02-13,2026-02-13 20:07:10.248417
127,VRTA11,0.8500,1.0600,1.0633,3.1900,1.0917,6.5500,1.1092,13.3100,-3.1477,5.4489,-2.1211,80.0000,2.0900,2026,1.0079,84.3300,-7.5025,1314889906.2600,1.8862,-6.5701,3.0317,1.0106,6.0782,1.0130,11.9730,0.9978,Papéis,papeis,79.14,1553723.74,1314889906.26,0.935,0.9384560654571327,VRTA11,14,1202.469085242,107241,,1,,2026-02-13,2026-02-13 20:07:10.248417
3227,VRTM11,0.0900,1.2400,1.2600,3.7800,1.2950,7.7700,1.3450,16.1400,-1.6238,9.5580,-0.4040,7.2700,2.4600,2026,,,,,,,,,,,,,Misto,misto,7.34,406475.22,439813333.9,0.7778,,VRTM11,12,1192.5774111749,12000,,0.90,0.20,2026-02-13,2026-02-13 20:07:10.248417
121,VSEC11,2.0489,0.0000,0.0000,0.0000,0.0000,0.0000,0.0000,0.0000,0.0000,,0.0000,,138.0000,2023,,,,,,,,,,,,,Papéis,papeis,0.21,2.5,118155565.38,0.0033,,VSEC11,14,904.16497556217,8102,,0.7,20,2026-02-13,2026-02-13 20:07:10.248417
271,VSHO11,0.6800,0.8800,1.0667,3.2000,0.9400,5.6400,0.9733,11.6800,1.2014,6.7595,2.0919,77.5000,2.1200,2026,0.8306,114.3800,15.1052,240062735.0100,21.4350,16.0612,2.1325,0.7108,3.4570,0.5762,7.3222,0.6102,Shoppings,shoppings,75.9,22314.48,240062735.01,0.6667,0.6635775485224691,VSHO11,3,1412.7183835785,2943,0.75,,,2026-02-13,2026-02-13 20:07:10.248417
48,VSLH11,0.0270,1.1700,1.2600,3.7800,1.2017,7.2100,1.2033,14.4400,5.9908,0.3839,7.2309,2.3000,2.5500,2026,0.2835,10.2300,-1.5399,305365567.5600,17.5606,-1.2608,0.8580,0.8580,1.7417,0.2903,3.6287,0.3024,Papéis,papeis,2.18,150633.22,305365567.56,0.2131,0.2130987292277615,VSLH11,14,1762.8529774296,63720,,0.95,20,2026-02-13,2026-02-13 20:07:10.248417
6401,VTBL11,1.5446,0.0000,0.0000,0.0000,0.0000,0.0000,0.0000,0.0000,0.0000,,0.0000,,0.0000,2024,,,,,,,,,,,,,Outros,outros,0,,19105850.77,0,,VTBL11,9,,1,,,,2026-02-13,2026-02-13 20:07:10.248417
293,VTLT11,1.2623,0.0000,0.0000,0.0000,0.6083,3.6500,0.9100,10.9200,0.0000,,0.0000,,0.0000,2026,1.1375,90.5500,-10.1062,191517274.1800,-2.3456,-9.0837,3.2390,1.0797,6.1279,1.0213,11.6026,0.9669,Imóveis Industriais e Logísticos,imoveis-industriais-e-logisticos,88.98,12462404,191517274.18,0.9827,0.9826615129762563,VTLT11,1,1073.450702342,5533,0.95,,,2026-02-13,2026-02-13 20:07:10.248417
337,VTPL11,0.7516,0.0000,0.0000,0.0000,0.0000,0.0000,0.0000,0.0000,0.0000,,0.0000,,0.0000,2026,,,,,,,,,,,,,Papéis,papeis,64.25,66,165909411.12,0.5368,,VTPL11,2,3330.5180833741,125,,,,2026-02-13,2026-02-13 20:07:10.248417
501,VVCO11,11.1600,0.0000,0.0000,0.0000,0.0000,0.0000,0.0000,0.0000,0.0000,,0.0000,,0.0000,2019,,,,,,,,,,,,,Lajes Corporativas,lajes-corporativas,14.97,104939.48,149870184.87,0.9894,,VVCO11,4,1265.9902690988,2486,,1.20,20,2026-02-13,2026-02-13 20:07:10.248417
2742,VVCR11,0.1377,1.4700,1.2167,3.6500,1.0717,6.4300,1.1258,13.5100,-2.2893,-0.8529,-0.8529,9.3900,1.4700,2026,,,,,,,,,,,,,Papéis,papeis,9.92,4291.61,76903879.05,0.9668,,VVCR11,14,2916.3920716661,2130,,1.15,,2026-02-13,2026-02-13 20:07:10.248417
3371,VVMR11,0.2000,0.2400,0.4800,0.4800,0.9600,0.9600,0.1458,1.7500,-0.0118,0.2282,0.2282,84.9900,0.2400,2026,,,,,,,,,,,,,Lajes Corporativas,lajes-corporativas,82,45436.17,252781460.68,0.9491,,VVMR11,5,2557.8787343806,542,,,,2026-02-13,2026-02-13 20:07:10.248417
308,VVPR11,0.8923,0.8900,0.0000,0.0000,0.0000,0.0000,0.0000,0.0000,0.4020,14.4394,1.2956,99.9000,7.4500,2022,0.7447,98.0300,-0.1019,226032234.1800,0.0939,0.6420,2.4180,0.8060,4.6761,0.7793,8.9337,0.7445,Misto,misto,101.5,1249061.55,118155565.38,1.5907,1.0353973273487709,VVPR11,14,3.425928713562,8102,,,,2026-02-13,2026-02-13 20:07:10.248417
2469,VVRI11,0.3500,0.0000,0.0000,0.0000,0.2617,1.5700,0.4683,5.6200,0.0000,,0.0000,,0.0000,2026,,,,,,,,,,,,,Indefinido,indefinido,87.55,1268.25,73726082.91,0.9532,,VVRI11,2,9657.5380497527,145,,,,2026-02-13,2026-02-13 20:07:10.248417
205,VXXV11,273.3500,0.0000,0.0000,0.0000,0.0000,0.0000,0.0000,0.0000,0.0000,,0.0000,,0.0000,2024,,,,,,,,,,,,,Fundo de Desenvolvimento,fundo-de-desenvolvimento,728,1465687.75,246695794.24,1.4102,,VXXV11,1,421.16169785509,11,,,,2026-02-13,2026-02-13 20:07:10.248417
116,WHGR11,0.1000,1.0300,1.0833,3.2500,1.1133,6.6800,1.0992,13.1900,3.7433,13.5868,4.8119,9.7000,2.1000,2026,,,,,,,,,,,,,Indefinido,indefinido,9.19,441487.17,306908909.19,0.935,,WHGR11,1,1234.6598395646,15552,,1,20,2026-02-13,2026-02-13 20:07:10.248417
451,WPLZ11,0.3700,0.7100,0.7200,2.1600,0.7467,4.4800,0.9058,10.8700,-5.4545,11.1066,-4.7833,52.0000,1.3800,2026,0.6765,54.6900,-37.7107,64903883.3900,-43.6518,-37.2893,1.9071,0.6357,4.9062,0.8177,7.7387,0.6449,Shoppings,shoppings,51.27,3266.65,64675247.66,0.8961,0.9374657158529897,WPLZ11,1,5236.6642356091,1523,,0.55,,2026-02-13,2026-02-13 20:07:10.248417
2821,WSEC11,1.4551,0.0000,0.0000,0.0000,55.2650,331.5900,59.6117,715.3400,0.0000,,0.0000,,752.2400,2025,,,,,,,,,,,,,Indefinido,indefinido,1.41,1533,3603090.71,0.9592,,WSEC11,14,105441.7475285,918,,1,20,2026-02-13,2026-02-13 20:07:10.248417
365,WTSP11B,0.0500,0.0900,0.8100,0.8100,4.3617,26.1700,2.2658,27.1900,0.0000,,0.0000,56.9500,0.8100,2025,0.0594,84.2100,16.1838,104295912.9400,12.9819,16.2528,1.0700,0.3567,14.9851,2.4975,17.2298,1.4358,Misto,misto,36,3852,104295912.94,0.6769,0.4275026718916994,WTSP11B,2,6.669961288398,210,,,,2026-02-13,2026-02-13 20:07:10.248417
516,XPCA11,0.1200,1.3900,1.3467,4.0400,1.3800,8.2800,1.4567,17.4800,1.8935,8.5051,3.3098,8.6100,2.6900,2026,1.1411,9.6400,1.5720,438896884.0800,15.5414,2.7311,3.4233,1.1411,6.8560,1.1427,11.6720,0.9727,Indefinido,indefinido,8.58,1107998.13,438896884.08,0.8734,0.8900414937759336,XPCA11,0,926.34054452431,93658,,1,10,2026-02-13,2026-02-13 20:07:10.248417
211,XPCI11,0.8800,1.0200,1.0633,3.1900,1.0967,6.5800,1.1675,14.0100,3.8564,8.4990,4.9157,86.1800,2.0800,2026,1.0083,89.2600,-2.7986,776689505.0900,6.8638,-1.8186,3.0577,1.0192,6.3645,1.0607,12.2656,1.0221,Papéis,papeis,82.63,2601166.04,777897521.06,0.932,0.9257226081111359,XPCI11,14,1340.9656965414,77302,,1,,2026-02-13,2026-02-13 20:07:10.248417
347,XPCM11,0.0200,0.2000,0.0000,0.0000,0.0000,0.0000,0.0000,0.0000,-0.8729,-0.6747,-0.6747,10.2200,0.2000,2024,0.0689,29.0400,-34.1347,70109502.2400,-44.9939,-34.0894,0.3084,0.1028,0.8157,0.1359,2.0760,0.1730,Lajes Corporativas,lajes-corporativas,8.02,14886.04,49090112.17,0.2812,0.2761707988980716,XPCM11,1,4061.0016955317,2,,0.80,,2026-02-13,2026-02-13 20:07:10.248417
222,XPHT11,0.4051,0.9300,0.9700,2.9100,0.8883,5.3300,0.8425,10.1100,15.8498,15.3653,16.9272,43.4900,10.1100,2024,0.6495,63.1300,-32.9972,581976733.7300,-26.6939,-32.5621,1.6018,0.5339,3.1326,0.5221,6.6489,0.5541,Hotéis,hoteis,123,230869.59,581976733.73,0.6577,1.9483605258989387,XPHT11,14,29.848886039472,1268,,,,2026-02-13,2026-02-13 20:07:10.248417
1850,XPID11,0.7500,1.3400,1.1467,3.4400,1.0717,6.4300,1.1142,13.3700,20.2141,18.5588,21.8250,56.1400,2.4100,2026,,,,,,,,,,,,,Indefinido,indefinido,51.77,287874.52,0,0,,XPID11,,2417.8965610079,0,,0.95,,2026-02-13,2026-02-13 20:07:10.248417
3033,XPIE11,1.0000,1.7600,1.1900,3.5700,0.9150,5.4900,0.9650,11.5800,3.2311,5.2311,5.0479,56.8700,3.5700,2026,,,,,,,,,,,,,Indefinido,indefinido,56.69,1538759.87,0,0,,XPIE11,,1228.0843206488,0,,1.30,20,2026-02-13,2026-02-13 20:07:10.248417
396,XPIN11,0.8500,1.0600,1.0600,3.1800,1.0867,6.5200,1.1067,13.2800,-1.9620,4.6342,-0.9228,80.4500,2.1000,2026,0.8281,102.6500,-1.1936,733994607.7700,1.0776,-0.3754,2.4974,0.8325,4.7159,0.7860,8.9775,0.7481,Imóveis Industriais e Logísticos,imoveis-industriais-e-logisticos,71.26,849467.39,735832557.35,0.7599,0.694203604481247,XPIN11,81,1504.3974526395,40767,,0.75,,2026-02-13,2026-02-13 20:07:10.248417
275,XPLG11,0.8200,0.7900,0.7800,2.3400,0.8033,4.8200,0.8425,10.1100,-1.7294,1.1091,-0.9530,103.9900,1.5600,2026,0.7773,105.5000,-7.3912,4221707849.3000,4.1891,-6.6713,2.3253,0.7751,4.6376,0.7729,9.1986,0.7665,Imóveis Industriais e Logísticos,imoveis-industriais-e-logisticos,102.95,5747226.52,4221707849.3,0.967,0.975829383886256,XPLG11,19,1129.8145945044,334798,0.95,,20,2026-02-13,2026-02-13 20:07:10.248417
373,XPML11,0.9200,0.8400,0.8567,2.5700,0.8800,5.2800,0.9158,10.9900,2.6883,3.5509,3.5509,110.0100,0.8400,2026,0.8506,108.1600,7.1528,6333860101.7600,15.8010,8.0642,2.5428,0.8476,4.9729,0.8288,9.6788,0.8066,Shoppings,shoppings,110.82,19307065.04,6333860101.76,1.0198,1.0245931952662721,XPML11,16,945.87780866655,633076,,0.75,20,2026-02-13,2026-02-13 20:07:10.248417
345,XPPR11,0.0700,0.5300,0.3400,1.0200,0.3833,2.3000,0.3650,4.3800,-9.0278,-8.5456,-8.5456,13.1000,0.5300,2025,0.1154,60.6800,-18.4080,443953188.5100,-21.3987,-18.3138,0.3421,0.3421,0.6750,0.6750,1.3675,0.1140,Lajes Corporativas,lajes-corporativas,12.54,78639.38,443953188.51,0.2067,0.2066578773895847,XPPR11,2,21.622564743917,42867,,,,2026-02-13,2026-02-13 20:07:10.248417
399,XPSF11,0.0700,1.0400,1.0700,3.2100,1.0700,6.4200,1.0683,12.8200,1.9757,8.9292,3.0362,6.7100,2.1000,2026,0.8631,8.1100,-2.8743,351310340.2900,-89.7569,-2.0359,2.5118,0.8373,4.9683,0.8281,10.0489,0.8374,Fundo de Fundos,fundo-de-fundos,6.78,1005753.39,353347349.41,0.8372,0.8360049321824908,XPSF11,14,1361.3535096774,55338,,1,20,2026-02-13,2026-02-13 20:07:10.248417
174,XTED11,11.1600,,,,,,,,,,,,,,0.0000,28.0218,-0.3575,50230589.4700,-3.4450,-0.3575,0.0000,0.0000,0.0000,0.0000,0.0000,0.0000,Lajes Corporativas,lajes-corporativas,8.82,17641.88,67378204.04,0.6771,0.3147549407960945,XTED11,1,29.460550469301,4098,1,0.2,,2026-02-13,2026-02-13 20:07:10.248417
175,YUFI11,29.2300,0.0000,0.0000,0.0000,0.0000,0.0000,0.0967,1.1600,0.0000,,0.0000,,2.8000,2025,,,,,,,,,,,,,Fundo de Desenvolvimento,fundo-de-desenvolvimento,15,15,22442663.7,0.3293,,YUFI11,11,15199.106954019,57,,,,2026-02-13,2026-02-13 20:07:10.248417
537,YUFI11B,0.6331,0.0000,0.0000,0.0000,0.0000,0.0000,0.0000,0.0000,0.0000,0.0000,0.0000,0.0000,,2022,0.5999,105.5322,-0.0137,41701052.9800,6.3235,0.5861,,,,,,,Indefinido,indefinido,0,,0,0,,YUFI11B,,,0,,,,2026-02-13,2026-02-13 20:07:10.248417
3486,ZAGH11,0.0590,0.5900,0.4700,1.4100,0.5383,3.2300,0.6133,7.3600,-1.1893,3.3835,-0.6063,9.9700,0.7900,2026,,,,,,,,,,,,,Serviços Financeiros Diversos,servicos-financeiros-diversos,9.92,2474.26,80967770.15,1.0955,,ZAGH11,1,6072.4362430081,477,,1.5,20,2026-02-13,2026-02-13 20:07:10.248417
2972,ZAVC11,0.1200,1.3100,1.3500,4.0500,1.3917,8.3500,1.4883,17.8600,-0.3275,0.9782,0.9782,9.1300,1.3100,2026,,,,,,,,,,,,,Indefinido,indefinido,8.93,51562.26,36480081.37,0.8736,,ZAVC11,1,5210.9737566372,662,1.25,,20,2026-02-13,2026-02-13 20:07:10.248417
1866,ZAVI11,0.1100,1.0400,1.0900,3.2700,1.1817,7.0900,1.2417,14.9000,2.3324,13.0861,3.3966,10.5300,2.1100,2026,,,,,,,,,,,,,Indefinido,indefinido,10.05,46239.65,159184562.26,0.7568,,ZAVI11,9,2787.4604061746,2410,,1.25,20,2026-02-13,2026-02-13 20:07:10.248417
295,ZIFI11,3.3050,0.0000,0.0000,0.0000,0.0000,0.0000,0.0000,0.0000,0.0000,,0.0000,,0.0000,2022,,,,,,,,,,,,,Fundo de Desenvolvimento,fundo-de-desenvolvimento,900,1289.8,83462409.14,0.512,,ZIFI11,14,5262.0433485101,88,,,,2026-02-13,2026-02-13 20:07:10.248417
